﻿trials.thisRepN,trials.thisTrialN,trials.thisN,trials.thisIndex,WordItem,textWelcome.started,textWelcome.stopped,keyWelcome.keys,keyWelcome.rt,keyWelcome.started,keyWelcome.stopped,PracticeInstruction.started,PracticeInstruction.stopped,keypractice1.keys,keypractice1.rt,keypractice1.started,keypractice1.stopped,textPractice.started,textPractice.stopped,keypractice2.keys,keypractice2.rt,keypractice2.started,keypractice2.stopped,textPractice3.started,textPractice3.stopped,keypractice3.keys,keypractice3.rt,keypractice3.started,keypractice3.stopped,participant,session,date,expName,psychopyVersion,frameRate,
,,,,,10.230683645990212,None,space,1.1664951540296897,10.230683645990212,None,,,,,,,,,,,,,,,,,,,,001,2021_Apr_01_1852,Reading Span Exp Try,2021.1.2,60.159485818184066,
,,,,,,,,,,,11.42585813201731,None,space,0.2637254209839739,11.42585813201731,None,,,,,,,,,,,,,,001,2021_Apr_01_1852,Reading Span Exp Try,2021.1.2,60.159485818184066,
,,,,,,,,,,,,,,,,,11.738452295016032,None,space,0.15360331203555688,11.738452295016032,None,,,,,,,,001,2021_Apr_01_1852,Reading Span Exp Try,2021.1.2,60.159485818184066,
,,,,,,,,,,,,,,,,,,,,,,,11.924074345035478,None,space,0.14806962298462167,11.924074345035478,None,,001,2021_Apr_01_1852,Reading Span Exp Try,2021.1.2,60.159485818184066,
