﻿WordItem,trials.thisRepN,trials.thisTrialN,trials.thisN,trials.thisIndex,textWelcome.started,textWelcome.stopped,keyWelcome.keys,keyWelcome.rt,keyWelcome.started,keyWelcome.stopped,PracticeInstruction.started,PracticeInstruction.stopped,keypractice1.keys,keypractice1.rt,keypractice1.started,keypractice1.stopped,textPractice.started,textPractice.stopped,keypractice2.keys,keypractice2.rt,keypractice2.started,keypractice2.stopped,textPractice3.started,textPractice3.stopped,keypractice3.keys,keypractice3.rt,keypractice3.started,keypractice3.stopped,PracticeWords.started,PracticeWords.stopped,text.started,text.stopped,participant,session,date,expName,psychopyVersion,frameRate,
,,,,,14.914047493977705,None,space,1.9269821519847028,14.914047493977705,None,,,,,,,,,,,,,,,,,,,,,,,,001,2021_Apr_16_2331,Reading Span Exp Try,2021.1.2,59.45824265408571,
,,,,,,,,,,,16.860829991986975,None,space,0.3627076070115436,16.860829991986975,None,,,,,,,,,,,,,,,,,,001,2021_Apr_16_2331,Reading Span Exp Try,2021.1.2,59.45824265408571,
,,,,,,,,,,,,,,,,,17.247663014975842,None,space,0.29100768599892035,17.247663014975842,None,,,,,,,,,,,,001,2021_Apr_16_2331,Reading Span Exp Try,2021.1.2,59.45824265408571,
,,,,,,,,,,,,,,,,,,,,,,,17.55952259298647,None,space,1.0591340210230555,17.55952259298647,None,,,,,,001,2021_Apr_16_2331,Reading Span Exp Try,2021.1.2,59.45824265408571,
T,0,0,0,1,,,,,,,,,,,,,,,,,,,,,,,,,18.66499907898833,None,20.640676849987358,None,,001,2021_Apr_16_2331,Reading Span Exp Try,2021.1.2,59.45824265408571,
K,0,1,1,0,,,,,,,,,,,,,,,,,,,,,,,,,21.14747862398508,None,23.14057365199551,None,,001,2021_Apr_16_2331,Reading Span Exp Try,2021.1.2,59.45824265408571,
T,1,0,2,1,,,,,,,,,,,,,,,,,,,,,,,,,23.640883878979366,None,25.65523278998444,None,,001,2021_Apr_16_2331,Reading Span Exp Try,2021.1.2,59.45824265408571,
K,1,1,3,0,,,,,,,,,,,,,,,,,,,,,,,,,26.15609974297695,None,28.156352367979707,None,,001,2021_Apr_16_2331,Reading Span Exp Try,2021.1.2,59.45824265408571,
