﻿WordItem,trials.thisRepN,trials.thisTrialN,trials.thisN,trials.thisIndex,textWelcome.started,textWelcome.stopped,keyWelcome.keys,keyWelcome.rt,keyWelcome.started,keyWelcome.stopped,PracticeInstruction.started,PracticeInstruction.stopped,keypractice1.keys,keypractice1.rt,keypractice1.started,keypractice1.stopped,textPractice.started,textPractice.stopped,keypractice2.keys,keypractice2.rt,keypractice2.started,keypractice2.stopped,textPractice3.started,textPractice3.stopped,keypractice3.keys,keypractice3.rt,keypractice3.started,keypractice3.stopped,PracticeWords.started,PracticeWords.stopped,text.started,text.stopped,participant,session,date,expName,psychopyVersion,frameRate,
,,,,,10.98068148799939,None,space,0.6068981339922175,10.98068148799939,None,,,,,,,,,,,,,,,,,,,,,,,,001,2021_Apr_16_2319,Reading Span Exp Try,2021.1.2,60.06175658366172,
,,,,,,,,,,,11.619289056019625,None,space,0.19341685200924985,11.619289056019625,None,,,,,,,,,,,,,,,,,,001,2021_Apr_16_2319,Reading Span Exp Try,2021.1.2,60.06175658366172,
,,,,,,,,,,,,,,,,,11.838239359,None,space,0.40190704600536264,11.838239359,None,,,,,,,,,,,,001,2021_Apr_16_2319,Reading Span Exp Try,2021.1.2,60.06175658366172,
,,,,,,,,,,,,,,,,,,,,,,,12.2693044670159,None,space,0.3983346959867049,12.2693044670159,None,,,,,,001,2021_Apr_16_2319,Reading Span Exp Try,2021.1.2,60.06175658366172,
H,0,0,0,4,,,,,,,,,,,,,,,,,,,,,,,,,12.704224382992834,None,14.701819765003165,None,,001,2021_Apr_16_2319,Reading Span Exp Try,2021.1.2,60.06175658366172,
L,0,1,1,11,,,,,,,,,,,,,,,,,,,,,,,,,15.20328226100537,None,17.20301576401107,None,,001,2021_Apr_16_2319,Reading Span Exp Try,2021.1.2,60.06175658366172,
Y,0,2,2,10,,,,,,,,,,,,,,,,,,,,,,,,,17.70271109000896,None,19.700806837994605,None,,001,2021_Apr_16_2319,Reading Span Exp Try,2021.1.2,60.06175658366172,
K,0,3,3,5,,,,,,,,,,,,,,,,,,,,,,,,,20.204478408006253,None,22.201290105003864,None,,001,2021_Apr_16_2319,Reading Span Exp Try,2021.1.2,60.06175658366172,
F,0,4,4,0,,,,,,,,,,,,,,,,,,,,,,,,,22.704539183003362,None,24.70407308501308,None,,001,2021_Apr_16_2319,Reading Span Exp Try,2021.1.2,60.06175658366172,
J,0,5,5,3,,,,,,,,,,,,,,,,,,,,,,,,,25.19756050099386,None,27.20068126101978,None,,001,2021_Apr_16_2319,Reading Span Exp Try,2021.1.2,60.06175658366172,
,,,,,,,,,,,,,,,,,,,,,,,,,,,,,27.699128673004452,None,,,,,,,,,
