﻿WordItem,trials.thisRepN,trials.thisTrialN,trials.thisN,trials.thisIndex,trials_2.thisRepN,trials_2.thisTrialN,trials_2.thisN,trials_2.thisIndex,Statement,CorrAns,textWelcome.started,textWelcome.stopped,keyWelcome.keys,keyWelcome.rt,keyWelcome.started,keyWelcome.stopped,PracticeInstruction.started,PracticeInstruction.stopped,keypractice1.keys,keypractice1.rt,keypractice1.started,keypractice1.stopped,textPractice.started,textPractice.stopped,keypractice2.keys,keypractice2.rt,keypractice2.started,keypractice2.stopped,textPractice3.started,textPractice3.stopped,keypractice3.keys,keypractice3.rt,keypractice3.started,keypractice3.stopped,PracticeWords.started,PracticeWords.stopped,text.started,text.stopped,TFinstructionsentence.started,TFinstructionsentence.stopped,key_resp.keys,key_resp.rt,key_resp.started,key_resp.stopped,participant,session,date,expName,psychopyVersion,frameRate,
,,,,,,,,,,,12.40568655799143,None,space,0.5047635389782954,12.40568655799143,None,,,,,,,,,,,,,,,,,,,,,,,,,,,,,,001,2021_Apr_16_1836,Reading Span Exp Try,2021.1.2,60.29539933234505,
,,,,,,,,,,,,,,,,,12.943810439988738,None,space,0.3041222339961678,12.943810439988738,None,,,,,,,,,,,,,,,,,,,,,,,,001,2021_Apr_16_1836,Reading Span Exp Try,2021.1.2,60.29539933234505,
,,,,,,,,,,,,,,,,,,,,,,,13.287274784001056,None,space,0.27566922298865393,13.287274784001056,None,,,,,,,,,,,,,,,,,,001,2021_Apr_16_1836,Reading Span Exp Try,2021.1.2,60.29539933234505,
,,,,,,,,,,,,,,,,,,,,,,,,,,,,,13.604005967004923,None,space,0.2963077040039934,13.604005967004923,None,,,,,,,,,,,,001,2021_Apr_16_1836,Reading Span Exp Try,2021.1.2,60.29539933234505,
H,0,0,0,4,,,,,,,,,,,,,,,,,,,,,,,,,,,,,,,13.962418801995227,None,15.934045160014648,None,,,,,,,,001,2021_Apr_16_1836,Reading Span Exp Try,2021.1.2,60.29539933234505,
L,0,1,1,11,,,,,,,,,,,,,,,,,,,,,,,,,,,,,,,16.44594723501359,None,18.441638679010794,None,,,,,,,,001,2021_Apr_16_1836,Reading Span Exp Try,2021.1.2,60.29539933234505,
J,0,2,2,3,,,,,,,,,,,,,,,,,,,,,,,,,,,,,,,18.94687378400704,None,20.93071797999437,None,,,,,,,,001,2021_Apr_16_1836,Reading Span Exp Try,2021.1.2,60.29539933234505,
S,0,3,3,7,,,,,,,,,,,,,,,,,,,,,,,,,,,,,,,21.452223820990184,None,23.44161869501113,None,,,,,,,,001,2021_Apr_16_1836,Reading Span Exp Try,2021.1.2,60.29539933234505,
R,0,4,4,9,,,,,,,,,,,,,,,,,,,,,,,,,,,,,,,23.948825158993714,None,25.943090432003373,None,,,,,,,,001,2021_Apr_16_1836,Reading Span Exp Try,2021.1.2,60.29539933234505,
Y,0,5,5,10,,,,,,,,,,,,,,,,,,,,,,,,,,,,,,,26.438473468995653,None,28.436605669005075,None,,,,,,,,001,2021_Apr_16_1836,Reading Span Exp Try,2021.1.2,60.29539933234505,
P,0,6,6,1,,,,,,,,,,,,,,,,,,,,,,,,,,,,,,,28.94824211599189,None,30.935009901993908,None,,,,,,,,001,2021_Apr_16_1836,Reading Span Exp Try,2021.1.2,60.29539933234505,
Q,0,7,7,2,,,,,,,,,,,,,,,,,,,,,,,,,,,,,,,31.4427906209894,None,33.437960415001726,None,,,,,,,,001,2021_Apr_16_1836,Reading Span Exp Try,2021.1.2,60.29539933234505,
T,0,8,8,6,,,,,,,,,,,,,,,,,,,,,,,,,,,,,,,33.951809569989564,None,35.942319855006645,None,,,,,,,,001,2021_Apr_16_1836,Reading Span Exp Try,2021.1.2,60.29539933234505,
F,0,9,9,0,,,,,,,,,,,,,,,,,,,,,,,,,,,,,,,36.44932086500921,None,38.4450273399998,None,,,,,,,,001,2021_Apr_16_1836,Reading Span Exp Try,2021.1.2,60.29539933234505,
K,0,10,10,5,,,,,,,,,,,,,,,,,,,,,,,,,,,,,,,38.95070420499542,None,40.945873132004635,None,,,,,,,,001,2021_Apr_16_1836,Reading Span Exp Try,2021.1.2,60.29539933234505,
N,0,11,11,8,,,,,,,,,,,,,,,,,,,,,,,,,,,,,,,41.44427316400106,None,43.443273923010565,None,,,,,,,,001,2021_Apr_16_1836,Reading Span Exp Try,2021.1.2,60.29539933234505,
,,,,,,,,,,,,,,,,,,,,,,,,,,,,,,,,,,,,,,,43.94208547499147,None,space,3.325784393993672,43.94208547499147,None,,001,2021_Apr_16_1836,Reading Span Exp Try,2021.1.2,60.29539933234505,
