﻿trials.thisRepN,trials.thisTrialN,trials.thisN,trials.thisIndex,trials_2.thisRepN,trials_2.thisTrialN,trials_2.thisN,trials_2.thisIndex,Statement,CorrAns,textWelcome.started,textWelcome.stopped,keyWelcome.keys,keyWelcome.rt,keyWelcome.started,keyWelcome.stopped,PracticeInstruction.started,PracticeInstruction.stopped,keypractice1.keys,keypractice1.rt,keypractice1.started,keypractice1.stopped,textPractice.started,textPractice.stopped,keypractice2.keys,keypractice2.rt,keypractice2.started,keypractice2.stopped,textPractice3.started,textPractice3.stopped,keypractice3.keys,keypractice3.rt,keypractice3.started,keypractice3.stopped,TFinstructionsentence.started,TFinstructionsentence.stopped,key_resp.keys,key_resp.rt,key_resp.started,key_resp.stopped,StatementDisplay.started,StatementDisplay.stopped,key_resp_2.keys,key_resp_2.rt,key_resp_2.started,key_resp_2.stopped,TFSentence.started,TFSentence.stopped,TFResponse.text,participant,session,date,expName,psychopyVersion,frameRate,
,,,,,,,,,,9.598713971005054,None,space,0.5432574290025514,9.598713971005054,None,,,,,,,,,,,,,,,,,,,,,,,,,,,,,,,,,,,001,2021_Apr_16_1916,Reading Span Exp Try,2021.1.2,60.00265175670725,
,,,,,,,,,,,,,,,,10.169250898004975,None,space,0.1301461440161802,10.169250898004975,None,,,,,,,,,,,,,,,,,,,,,,,,,,,,,001,2021_Apr_16_1916,Reading Span Exp Try,2021.1.2,60.00265175670725,
,,,,,,,,,,,,,,,,,,,,,,10.315368662006222,None,space,0.11916094500338659,10.315368662006222,None,,,,,,,,,,,,,,,,,,,,,,,001,2021_Apr_16_1916,Reading Span Exp Try,2021.1.2,60.00265175670725,
,,,,,,,,,,,,,,,,,,,,,,,,,,,,10.463150647003204,None,space,0.1512876549968496,10.463150647003204,None,,,,,,,,,,,,,,,,,001,2021_Apr_16_1916,Reading Span Exp Try,2021.1.2,60.00265175670725,
,,,,,,,,,,,,,,,,,,,,,,,,,,,,,,,,,,10.66028565299348,None,space,0.06664489000104368,10.66028565299348,None,,,,,,,,,,,001,2021_Apr_16_1916,Reading Span Exp Try,2021.1.2,60.00265175670725,
,,,,,,,,,,,,,,,,,,,,,,,,,,,,,,,,,,,,,,,,10.76788602900342,None,space,1.1066160159825813,10.76788602900342,None,11.90594606200466,None, t,,,,,,,
