﻿trials.thisRepN,trials.thisTrialN,trials.thisN,trials.thisIndex,trials_2.thisRepN,trials_2.thisTrialN,trials_2.thisN,trials_2.thisIndex,Statement,CorrAns,textWelcome.started,textWelcome.stopped,keyWelcome.keys,keyWelcome.rt,keyWelcome.started,keyWelcome.stopped,PracticeInstruction.started,PracticeInstruction.stopped,keypractice1.keys,keypractice1.rt,keypractice1.started,keypractice1.stopped,textPractice.started,textPractice.stopped,keypractice2.keys,keypractice2.rt,keypractice2.started,keypractice2.stopped,textPractice3.started,textPractice3.stopped,keypractice3.keys,keypractice3.rt,keypractice3.started,keypractice3.stopped,TFinstructionsentence.started,TFinstructionsentence.stopped,key_resp.keys,key_resp.rt,key_resp.started,key_resp.stopped,StatementDisplay.started,StatementDisplay.stopped,key_resp_2.keys,key_resp_2.rt,key_resp_2.started,key_resp_2.stopped,TFSentence.started,TFSentence.stopped,tfResponse.text,tfResponse.started,tfResponse.stopped,key_resp_4.keys,key_resp_4.rt,key_resp_4.started,key_resp_4.stopped,correctAns,participant,session,date,expName,psychopyVersion,frameRate,
,,,,,,,,,,9.910036576009588,None,space,0.4057241150003392,9.910036576009588,None,,,,,,,,,,,,,,,,,,,,,,,,,,,,,,,,,,,,,,,,,,001,2021_Apr_16_1926,Reading Span Exp Try,2021.1.2,59.973469898237006,
,,,,,,,,,,,,,,,,10.34206452901708,None,space,0.13117116698413156,10.34206452901708,None,,,,,,,,,,,,,,,,,,,,,,,,,,,,,,,,,,,,001,2021_Apr_16_1926,Reading Span Exp Try,2021.1.2,59.973469898237006,
,,,,,,,,,,,,,,,,,,,,,,10.494211200013524,None,space,0.1365397349873092,10.494211200013524,None,,,,,,,,,,,,,,,,,,,,,,,,,,,,,,001,2021_Apr_16_1926,Reading Span Exp Try,2021.1.2,59.973469898237006,
,,,,,,,,,,,,,,,,,,,,,,,,,,,,10.65860863699345,None,space,0.12948767500347458,10.65860863699345,None,,,,,,,,,,,,,,,,,,,,,,,,001,2021_Apr_16_1926,Reading Span Exp Try,2021.1.2,59.973469898237006,
,,,,,,,,,,,,,,,,,,,,,,,,,,,,,,,,,,10.821185926994076,None,space,0.3944027660181746,10.821185926994076,None,,,,,,,,,,,,,,,,,,001,2021_Apr_16_1926,Reading Span Exp Try,2021.1.2,59.973469898237006,
,,,,,,,,,,,,,,,,,,,,,,,,,,,,,,,,,,,,,,,,11.257769916992402,None,space,0.7455257620022167,11.257769916992402,None,12.040196157002356,None,t ,12.040196157002356,None,space,5.520425463997526,12.040196157002356,None,Incorrect,,,,,,,
