﻿trials.thisRepN,trials.thisTrialN,trials.thisN,trials.thisIndex,trials_2.thisRepN,trials_2.thisTrialN,trials_2.thisN,trials_2.thisIndex,Statement,CorrAns,textWelcome.started,textWelcome.stopped,keyWelcome.keys,keyWelcome.rt,keyWelcome.started,keyWelcome.stopped,PracticeInstruction.started,PracticeInstruction.stopped,keypractice1.keys,keypractice1.rt,keypractice1.started,keypractice1.stopped,textPractice.started,textPractice.stopped,keypractice2.keys,keypractice2.rt,keypractice2.started,keypractice2.stopped,textPractice3.started,textPractice3.stopped,keypractice3.keys,keypractice3.rt,keypractice3.started,keypractice3.stopped,TFinstructionsentence.started,TFinstructionsentence.stopped,key_resp.keys,key_resp.rt,key_resp.started,key_resp.stopped,StatementDisplay.started,StatementDisplay.stopped,key_resp_2.keys,key_resp_2.rt,key_resp_2.started,key_resp_2.stopped,TFSentence.started,TFSentence.stopped,tfResponse.text,tfResponse.started,tfResponse.stopped,doneButton.started,doneButton.stopped,doneButton.numClicks,doneButton.timesOn,doneButton.timesOff,correctAns,participant,session,date,expName,psychopyVersion,frameRate,
,,,,,,,,,,9.663483490003273,None,space,0.4082314370025415,9.663483490003273,None,,,,,,,,,,,,,,,,,,,,,,,,,,,,,,,,,,,,,,,,,,,001,2021_Apr_16_1925,Reading Span Exp Try,2021.1.2,59.63550255449596,
,,,,,,,,,,,,,,,,10.100515728001483,None,space,0.10613180600921623,10.100515728001483,None,,,,,,,,,,,,,,,,,,,,,,,,,,,,,,,,,,,,,001,2021_Apr_16_1925,Reading Span Exp Try,2021.1.2,59.63550255449596,
,,,,,,,,,,,,,,,,,,,,,,10.234871088003274,None,space,0.10681992798345163,10.234871088003274,None,,,,,,,,,,,,,,,,,,,,,,,,,,,,,,,001,2021_Apr_16_1925,Reading Span Exp Try,2021.1.2,59.63550255449596,
,,,,,,,,,,,,,,,,,,,,,,,,,,,,10.363484571018489,None,space,0.13566174497827888,10.363484571018489,None,,,,,,,,,,,,,,,,,,,,,,,,,001,2021_Apr_16_1925,Reading Span Exp Try,2021.1.2,59.63550255449596,
,,,,,,,,,,,,,,,,,,,,,,,,,,,,,,,,,,10.542545110016363,None,space,0.11414938201778568,10.542545110016363,None,,,,,,,,,,,,,,,,,,,001,2021_Apr_16_1925,Reading Span Exp Try,2021.1.2,59.63550255449596,
,,,,,,,,,,,,,,,,,,,,,,,,,,,,,,,,,,,,,,,,10.696894710999914,None,space,0.6123429980070796,10.696894710999914,None,11.344242316001328,None,t,11.344242316001328,None,11.422275463992264,None,1,[3.640806632989552],[3.640817289997358],Incorrect,,,,,,,
