﻿trials.thisRepN,trials.thisTrialN,trials.thisN,trials.thisIndex,WordItem,textWelcome.started,textWelcome.stopped,keyWelcome.keys,keyWelcome.rt,keyWelcome.started,keyWelcome.stopped,PracticeInstruction.started,PracticeInstruction.stopped,keypractice1.keys,keypractice1.rt,keypractice1.started,keypractice1.stopped,textPractice.started,textPractice.stopped,keypractice2.keys,keypractice2.rt,keypractice2.started,keypractice2.stopped,textPractice3.started,textPractice3.stopped,keypractice3.keys,keypractice3.rt,keypractice3.started,keypractice3.stopped,PracticeWords.started,PracticeWords.stopped,text.started,text.stopped,participant,session,date,expName,psychopyVersion,frameRate,
,,,,,11.337656683987007,None,space,1.3013062499812804,11.337656683987007,None,,,,,,,,,,,,,,,,,,,,,,,,001,2021_Apr_16_2318,Reading Span Exp Try,2021.1.2,60.08678369472048,
,,,,,,,,,,,12.670669810002437,None,space,1.0708020589954685,12.670669810002437,None,,,,,,,,,,,,,,,,,,001,2021_Apr_16_2318,Reading Span Exp Try,2021.1.2,60.08678369472048,
,,,,,,,,,,,,,,,,,13.773308892996283,None,space,0.5980916740081739,13.773308892996283,None,,,,,,,,,,,,001,2021_Apr_16_2318,Reading Span Exp Try,2021.1.2,60.08678369472048,
,,,,,,,,,,,,,,,,,,,,,,,14.403711152990581,None,space,9.800126643007388,14.403711152990581,None,,,,,,001,2021_Apr_16_2318,Reading Span Exp Try,2021.1.2,60.08678369472048,
,,,,,,,,,,,,,,,,,,,,,,,,,,,,,24.252315914985957,None,26.252423223981168,None,,,,,,,
