﻿trials.thisRepN,trials.thisTrialN,trials.thisN,trials.thisIndex,WordItem,textWelcome.started,textWelcome.stopped,keyWelcome.keys,keyWelcome.rt,keyWelcome.started,keyWelcome.stopped,PracticeInstruction.started,PracticeInstruction.stopped,keypractice1.keys,keypractice1.rt,keypractice1.started,keypractice1.stopped,textPractice.started,textPractice.stopped,keypractice2.keys,keypractice2.rt,keypractice2.started,keypractice2.stopped,textPractice3.started,textPractice3.stopped,keypractice3.keys,keypractice3.rt,keypractice3.started,keypractice3.stopped,PracticeWords.started,PracticeWords.stopped,text.started,text.stopped,participant,session,date,expName,psychopyVersion,frameRate,
,,,,,11.449952687020414,None,space,0.6276485990092624,11.449952687020414,None,,,,,,,,,,,,,,,,,,,,,,,,001,2021_Apr_16_2309,Reading Span Exp Try,2021.1.2,60.187447792356004,
,,,,,,,,,,,12.1010214429989,None,space,0.35901356500107795,12.1010214429989,None,,,,,,,,,,,,,,,,,,001,2021_Apr_16_2309,Reading Span Exp Try,2021.1.2,60.187447792356004,
,,,,,,,,,,,,,,,,,12.486442152992822,None,space,0.28854145799414255,12.486442152992822,None,,,,,,,,,,,,001,2021_Apr_16_2309,Reading Span Exp Try,2021.1.2,60.187447792356004,
,,,,,,,,,,,,,,,,,,,,,,,12.799650810018647,None,space,0.3353210630011745,12.799650810018647,None,,,,,,001,2021_Apr_16_2309,Reading Span Exp Try,2021.1.2,60.187447792356004,
,,,,,,,,,,,,,,,,,,,,,,,,,,,,,13.190312228020048,None,15.184043382003438,None,,,,,,,
