﻿trials.thisRepN,trials.thisTrialN,trials.thisN,trials.thisIndex,WordItem,textWelcome.started,textWelcome.stopped,keyWelcome.keys,keyWelcome.rt,keyWelcome.started,keyWelcome.stopped,PracticeInstruction.started,PracticeInstruction.stopped,keypractice1.keys,keypractice1.rt,keypractice1.started,keypractice1.stopped,textPractice.started,textPractice.stopped,keypractice2.keys,keypractice2.rt,keypractice2.started,keypractice2.stopped,textPractice3.started,textPractice3.stopped,keypractice3.keys,keypractice3.rt,keypractice3.started,keypractice3.stopped,text.started,text.stopped,participant,session,date,expName,psychopyVersion,frameRate,
,,,,,8.8357843249687,None,space,0.3258018519845791,8.8357843249687,None,,,,,,,,,,,,,,,,,,,,,,001,2021_Apr_01_1906,Reading Span Exp Try,2021.1.2,60.01816125658702,
,,,,,,,,,,,9.21098448196426,None,space,0.2536916920216754,9.21098448196426,None,,,,,,,,,,,,,,,,001,2021_Apr_01_1906,Reading Span Exp Try,2021.1.2,60.01816125658702,
,,,,,,,,,,,,,,,,,9.507639474002644,None,space,0.1820659379591234,9.507639474002644,None,,,,,,,,,,001,2021_Apr_01_1906,Reading Span Exp Try,2021.1.2,60.01816125658702,
,,,,,,,,,,,,,,,,,,,,,,,9.710276939964388,None,space,0.38547069899505004,9.710276939964388,None,,,,001,2021_Apr_01_1906,Reading Span Exp Try,2021.1.2,60.01816125658702,
,,,,,,,,,,,,,,,,,,,,,,,,,,,,,10.142717106966302,None,,,,,,,
