﻿trials.thisRepN,trials.thisTrialN,trials.thisN,trials.thisIndex,WordItem,textWelcome.started,textWelcome.stopped,keyWelcome.keys,keyWelcome.rt,keyWelcome.started,keyWelcome.stopped,PracticeInstruction.started,PracticeInstruction.stopped,keypractice1.keys,keypractice1.rt,keypractice1.started,keypractice1.stopped,textPractice.started,textPractice.stopped,keypractice2.keys,keypractice2.rt,keypractice2.started,keypractice2.stopped,textPractice3.started,textPractice3.stopped,keypractice3.keys,keypractice3.rt,keypractice3.started,keypractice3.stopped,participant,session,date,expName,psychopyVersion,frameRate,
,,,,,9.389092031982727,None,space,2.2335380510194227,9.389092031982727,None,,,,,,,,,,,,,,,,,,,,001,2021_Apr_01_1859,Reading Span Exp Try,2021.1.2,60.10082140687441,
,,,,,,,,,,,11.649718972970732,None,space,0.20973302301717922,11.649718972970732,None,,,,,,,,,,,,,,001,2021_Apr_01_1859,Reading Span Exp Try,2021.1.2,60.10082140687441,
,,,,,,,,,,,,,,,,,11.895447602961212,None,space,0.1759246860165149,11.895447602961212,None,,,,,,,,001,2021_Apr_01_1859,Reading Span Exp Try,2021.1.2,60.10082140687441,
,,,,,,,,,,,,,,,,,,,,,,,12.097634059959091,None,space,0.3438765300088562,12.097634059959091,None,,001,2021_Apr_01_1859,Reading Span Exp Try,2021.1.2,60.10082140687441,
