﻿Statement,corrAns,trials.thisRepN,trials.thisTrialN,trials.thisN,trials.thisIndex,trials_2.thisRepN,trials_2.thisTrialN,trials_2.thisN,trials_2.thisIndex,textWelcome.started,textWelcome.stopped,keyWelcome.keys,keyWelcome.rt,keyWelcome.started,keyWelcome.stopped,PracticeInstruction.started,PracticeInstruction.stopped,keypractice1.keys,keypractice1.rt,keypractice1.started,keypractice1.stopped,textPractice.started,textPractice.stopped,keypractice2.keys,keypractice2.rt,keypractice2.started,keypractice2.stopped,textPractice3.started,textPractice3.stopped,keypractice3.keys,keypractice3.rt,keypractice3.started,keypractice3.stopped,TFinstructionsentence.started,TFinstructionsentence.stopped,key_resp.keys,key_resp.rt,key_resp.started,key_resp.stopped,StatementDisplay.started,StatementDisplay.stopped,key_resp_2.keys,key_resp_2.rt,key_resp_2.started,key_resp_2.stopped,TFSentence.started,TFSentence.stopped,tfResponse.text,tfResponse.started,tfResponse.stopped,key_resp_4.keys,key_resp_4.rt,key_resp_4.started,key_resp_4.stopped,correctnessFeedback.started,correctnessFeedback.stopped,key_resp_3.keys,key_resp_3.rt,key_resp_3.started,key_resp_3.stopped,participant,session,date,expName,psychopyVersion,frameRate,
,,,,,,,,,,10.04296502599027,None,space,2.0930304619832896,10.04296502599027,None,,,,,,,,,,,,,,,,,,,,,,,,,,,,,,,,,,,,,,,,,,,,,,,001,2021_Apr_16_1945,Reading Span Exp Try,2021.1.2,60.0034038779183,
,,,,,,,,,,,,,,,,12.158911716978764,None,space,0.11201901599997655,12.158911716978764,None,,,,,,,,,,,,,,,,,,,,,,,,,,,,,,,,,,,,,,,,,001,2021_Apr_16_1945,Reading Span Exp Try,2021.1.2,60.0034038779183,
,,,,,,,,,,,,,,,,,,,,,,12.291263710998464,None,space,0.11462156102061272,12.291263710998464,None,,,,,,,,,,,,,,,,,,,,,,,,,,,,,,,,,,,001,2021_Apr_16_1945,Reading Span Exp Try,2021.1.2,60.0034038779183,
,,,,,,,,,,,,,,,,,,,,,,,,,,,,12.42307686098502,None,space,0.11777490697568282,12.42307686098502,None,,,,,,,,,,,,,,,,,,,,,,,,,,,,,001,2021_Apr_16_1945,Reading Span Exp Try,2021.1.2,60.0034038779183,
,,,,,,,,,,,,,,,,,,,,,,,,,,,,,,,,,,12.583506953989854,None,space,0.5874936660111416,12.583506953989854,None,,,,,,,,,,,,,,,,,,,,,,,001,2021_Apr_16_1945,Reading Span Exp Try,2021.1.2,60.0034038779183,
adsfjiow;fj;ajf ,t,,,,,0,0,0,1,,,,,,,,,,,,,,,,,,,,,,,,,,,,,,,13.21002089898684,None,space,1.4459592519851867,13.21002089898684,None,14.68961978898733,None,t ,14.68961978898733,None,space,4.826369707996491,14.68961978898733,None,19.55993978198967,None,space,1.238402167975437,19.55993978198967,None,,001,2021_Apr_16_1945,Reading Span Exp Try,2021.1.2,60.0034038779183,
adlkj;a ;ijfw ;aij,t,,,,,0,1,1,2,,,,,,,,,,,,,,,,,,,,,,,,,,,,,,,20.827895719994558,None,space,1.6803456300112884,20.827895719994558,None,22.540659908001544,None,t ,22.540659908001544,None,space,7.280065148981521,22.540659908001544,None,29.854656627983786,None,space,2.1712210339901503,29.854656627983786,None,,001,2021_Apr_16_1945,Reading Span Exp Try,2021.1.2,60.0034038779183,
The brown fox ,t,,,,,0,2,2,0,,,,,,,,,,,,,,,,,,,,,,,,,,,,,,,32.0622365239833,None,space,1.246044700004859,32.0622365239833,None,33.33976226998493,None,Tyt pe here,33.33976226998493,None,space,4.175911456986796,33.33976226998493,None,37.545434945990564,None,space,2.355266580998432,37.545434945990564,None,,001,2021_Apr_16_1945,Reading Span Exp Try,2021.1.2,60.0034038779183,
