﻿trials.thisRepN,trials.thisTrialN,trials.thisN,trials.thisIndex,trials_2.thisRepN,trials_2.thisTrialN,trials_2.thisN,trials_2.thisIndex,Statement,corrAns,textWelcome.started,textWelcome.stopped,keyWelcome.keys,keyWelcome.rt,keyWelcome.started,keyWelcome.stopped,PracticeInstruction.started,PracticeInstruction.stopped,keypractice1.keys,keypractice1.rt,keypractice1.started,keypractice1.stopped,textPractice.started,textPractice.stopped,keypractice2.keys,keypractice2.rt,keypractice2.started,keypractice2.stopped,textPractice3.started,textPractice3.stopped,keypractice3.keys,keypractice3.rt,keypractice3.started,keypractice3.stopped,TFinstructionsentence.started,TFinstructionsentence.stopped,key_resp.keys,key_resp.rt,key_resp.started,key_resp.stopped,TFinstruction2.started,TFinstruction2.stopped,key_resp_4.keys,key_resp_4.rt,key_resp_4.started,key_resp_4.stopped,StatementDisplay.started,StatementDisplay.stopped,key_resp_2.keys,key_resp_2.rt,key_resp_2.started,key_resp_2.stopped,participant,session,date,expName,psychopyVersion,frameRate,
,,,,,,,,,,11.383020335022593,None,space,4.606043635983951,11.383020335022593,None,,,,,,,,,,,,,,,,,,,,,,,,,,,,,,,,,,,,,,001,2021_Apr_16_2155,Reading Span Exp Try,2021.1.2,59.823145316973765,
,,,,,,,,,,,,,,,,16.015555890015094,None,space,0.22104110001237132,16.015555890015094,None,,,,,,,,,,,,,,,,,,,,,,,,,,,,,,,,001,2021_Apr_16_2155,Reading Span Exp Try,2021.1.2,59.823145316973765,
,,,,,,,,,,,,,,,,,,,,,,16.268316286004847,None,space,0.19336493298760615,16.268316286004847,None,,,,,,,,,,,,,,,,,,,,,,,,,,001,2021_Apr_16_2155,Reading Span Exp Try,2021.1.2,59.823145316973765,
,,,,,,,,,,,,,,,,,,,,,,,,,,,,16.496077501011314,None,space,0.1905160500027705,16.496077501011314,None,,,,,,,,,,,,,,,,,,,,001,2021_Apr_16_2155,Reading Span Exp Try,2021.1.2,59.823145316973765,
,,,,,,,,,,,,,,,,,,,,,,,,,,,,,,,,,,16.72913856600644,None,space,0.1599146410007961,16.72913856600644,None,,,,,,,,,,,,,,001,2021_Apr_16_2155,Reading Span Exp Try,2021.1.2,59.823145316973765,
,,,,,,,,,,,,,,,,,,,,,,,,,,,,,,,,,,,,,,,,16.91572020901367,None,space,0.19837779499357566,16.91572020901367,None,,,,,,,,001,2021_Apr_16_2155,Reading Span Exp Try,2021.1.2,59.823145316973765,
,,,,,,,,,,,,,,,,,,,,,,,,,,,,,,,,,,,,,,,,,,,,,,17.15218049302348,20.166764557012357,space,15.959337595006218,17.15218049302348,None,,,,,,,
