﻿trials.thisRepN,trials.thisTrialN,trials.thisN,trials.thisIndex,trials_2.thisRepN,trials_2.thisTrialN,trials_2.thisN,trials_2.thisIndex,Statement,CorrAns,textWelcome.started,textWelcome.stopped,keyWelcome.keys,keyWelcome.rt,keyWelcome.started,keyWelcome.stopped,PracticeInstruction.started,PracticeInstruction.stopped,keypractice1.keys,keypractice1.rt,keypractice1.started,keypractice1.stopped,textPractice.started,textPractice.stopped,keypractice2.keys,keypractice2.rt,keypractice2.started,keypractice2.stopped,textPractice3.started,textPractice3.stopped,keypractice3.keys,keypractice3.rt,keypractice3.started,keypractice3.stopped,TFinstructionsentence.started,TFinstructionsentence.stopped,key_resp.keys,key_resp.rt,key_resp.started,key_resp.stopped,StatementDisplay.started,StatementDisplay.stopped,key_resp_2.keys,key_resp_2.rt,key_resp_2.started,key_resp_2.stopped,TFSentence.started,TFSentence.stopped,tfResponse.text,tfResponse.started,tfResponse.stopped,doneButton.started,doneButton.stopped,doneButton.numClicks,doneButton.timesOn,doneButton.timesOff,participant,session,date,expName,psychopyVersion,frameRate,
,,,,,,,,,,10.319634195009712,None,space,0.34147682299953885,10.319634195009712,None,,,,,,,,,,,,,,,,,,,,,,,,,,,,,,,,,,,,,,,,,,001,2021_Apr_16_1924,Reading Span Exp Try,2021.1.2,60.49573472428472,
,,,,,,,,,,,,,,,,10.69784936599899,None,space,0.1207605529925786,10.69784936599899,None,,,,,,,,,,,,,,,,,,,,,,,,,,,,,,,,,,,,001,2021_Apr_16_1924,Reading Span Exp Try,2021.1.2,60.49573472428472,
,,,,,,,,,,,,,,,,,,,,,,10.842933140986133,None,space,0.11080400799983181,10.842933140986133,None,,,,,,,,,,,,,,,,,,,,,,,,,,,,,,001,2021_Apr_16_1924,Reading Span Exp Try,2021.1.2,60.49573472428472,
,,,,,,,,,,,,,,,,,,,,,,,,,,,,10.974052556004608,None,space,0.1595536480017472,10.974052556004608,None,,,,,,,,,,,,,,,,,,,,,,,,001,2021_Apr_16_1924,Reading Span Exp Try,2021.1.2,60.49573472428472,
,,,,,,,,,,,,,,,,,,,,,,,,,,,,,,,,,,11.170393712993246,None,space,0.2781488690234255,11.170393712993246,None,,,,,,,,,,,,,,,,,,001,2021_Apr_16_1924,Reading Span Exp Try,2021.1.2,60.49573472428472,
,,,,,,,,,,,,,,,,,,,,,,,,,,,,,,,,,,,,,,,,11.487906483002007,None,space,0.45559394999872893,11.487906483002007,None,11.988730570999905,None,t,11.988730570999905,None,12.076300966989947,None,1,[4.762059655011399],[4.76207136400626],,,,,,,
