﻿WordItem,trials.thisRepN,trials.thisTrialN,trials.thisN,trials.thisIndex,textWelcome.started,textWelcome.stopped,keyWelcome.keys,keyWelcome.rt,keyWelcome.started,keyWelcome.stopped,PracticeInstruction.started,PracticeInstruction.stopped,keypractice1.keys,keypractice1.rt,keypractice1.started,keypractice1.stopped,textPractice.started,textPractice.stopped,keypractice2.keys,keypractice2.rt,keypractice2.started,keypractice2.stopped,textPractice3.started,textPractice3.stopped,keypractice3.keys,keypractice3.rt,keypractice3.started,keypractice3.stopped,PracticeWords.started,PracticeWords.stopped,text.started,text.stopped,participant,session,date,expName,psychopyVersion,frameRate,
,,,,,12.730657397012692,None,space,5.227757943968754,12.730657397012692,None,,,,,,,,,,,,,,,,,,,,,,,,001,2021_Apr_01_1843,Reading Span Exp Try,2021.1.2,60.37882361634999,
,,,,,,,,,,,17.993223009980284,None,space,7.457829640014097,17.993223009980284,None,,,,,,,,,,,,,,,,,,001,2021_Apr_01_1843,Reading Span Exp Try,2021.1.2,60.37882361634999,
,,,,,,,,,,,,,,,,,25.48893739603227,None,space,45.68196988501586,25.48893739603227,None,,,,,,,,,,,,001,2021_Apr_01_1843,Reading Span Exp Try,2021.1.2,60.37882361634999,
,,,,,,,,,,,,,,,,,,,,,,,71.19310214102734,None,space,102.95603837398812,71.19310214102734,None,,,,,,001,2021_Apr_01_1843,Reading Span Exp Try,2021.1.2,60.37882361634999,
J,0,0,0,3,,,,,,,,,,,,,,,,,,,,,,,,,174.2206503180205,None,176.1874851839966,None,,001,2021_Apr_01_1843,Reading Span Exp Try,2021.1.2,60.37882361634999,
L,0,1,1,11,,,,,,,,,,,,,,,,,,,,,,,,,176.6871217280277,None,178.68691324198153,None,,001,2021_Apr_01_1843,Reading Span Exp Try,2021.1.2,60.37882361634999,
Y,0,2,2,10,,,,,,,,,,,,,,,,,,,,,,,,,179.18775907799136,None,181.18714972300222,None,,001,2021_Apr_01_1843,Reading Span Exp Try,2021.1.2,60.37882361634999,
N,0,3,3,8,,,,,,,,,,,,,,,,,,,,,,,,,181.68859286699444,None,183.68726687598974,None,,001,2021_Apr_01_1843,Reading Span Exp Try,2021.1.2,60.37882361634999,
K,0,4,4,5,,,,,,,,,,,,,,,,,,,,,,,,,184.18777414498618,None,186.18721303500934,None,,001,2021_Apr_01_1843,Reading Span Exp Try,2021.1.2,60.37882361634999,
P,0,5,5,1,,,,,,,,,,,,,,,,,,,,,,,,,186.6873853909783,None,188.68683961499482,None,,001,2021_Apr_01_1843,Reading Span Exp Try,2021.1.2,60.37882361634999,
Q,0,6,6,2,,,,,,,,,,,,,,,,,,,,,,,,,189.1885799029842,None,191.18700869602617,None,,001,2021_Apr_01_1843,Reading Span Exp Try,2021.1.2,60.37882361634999,
T,0,7,7,6,,,,,,,,,,,,,,,,,,,,,,,,,191.68722124700435,None,193.68841958401026,None,,001,2021_Apr_01_1843,Reading Span Exp Try,2021.1.2,60.37882361634999,
F,0,8,8,0,,,,,,,,,,,,,,,,,,,,,,,,,194.18745583901182,None,196.1878514009877,None,,001,2021_Apr_01_1843,Reading Span Exp Try,2021.1.2,60.37882361634999,
