﻿trials.thisRepN,trials.thisTrialN,trials.thisN,trials.thisIndex,trials_2.thisRepN,trials_2.thisTrialN,trials_2.thisN,trials_2.thisIndex,Statement,CorrAns,textWelcome.started,textWelcome.stopped,keyWelcome.keys,keyWelcome.rt,keyWelcome.started,keyWelcome.stopped,PracticeInstruction.started,PracticeInstruction.stopped,keypractice1.keys,keypractice1.rt,keypractice1.started,keypractice1.stopped,textPractice.started,textPractice.stopped,keypractice2.keys,keypractice2.rt,keypractice2.started,keypractice2.stopped,textPractice3.started,textPractice3.stopped,keypractice3.keys,keypractice3.rt,keypractice3.started,keypractice3.stopped,TFinstructionsentence.started,TFinstructionsentence.stopped,key_resp.keys,key_resp.rt,key_resp.started,key_resp.stopped,StatementDisplay.started,StatementDisplay.stopped,key_resp_2.keys,key_resp_2.rt,key_resp_2.started,key_resp_2.stopped,TFSentence.started,TFSentence.stopped,tfResponse.text,participant,session,date,expName,psychopyVersion,frameRate,
,,,,,,,,,,9.673002250987338,None,space,8.056545292987721,9.673002250987338,None,,,,,,,,,,,,,,,,,,,,,,,,,,,,,,,,,,,001,2021_Apr_16_1922,Reading Span Exp Try,2021.1.2,59.94568549103063,
,,,,,,,,,,,,,,,,17.76023001500289,None,space,0.12684390202048235,17.76023001500289,None,,,,,,,,,,,,,,,,,,,,,,,,,,,,,001,2021_Apr_16_1922,Reading Span Exp Try,2021.1.2,59.94568549103063,
,,,,,,,,,,,,,,,,,,,,,,17.910100945999147,None,space,0.08941201199195348,17.910100945999147,None,,,,,,,,,,,,,,,,,,,,,,,001,2021_Apr_16_1922,Reading Span Exp Try,2021.1.2,59.94568549103063,
,,,,,,,,,,,,,,,,,,,,,,,,,,,,18.024990882986458,None,space,0.10959487201762386,18.024990882986458,None,,,,,,,,,,,,,,,,,001,2021_Apr_16_1922,Reading Span Exp Try,2021.1.2,59.94568549103063,
,,,,,,,,,,,,,,,,,,,,,,,,,,,,,,,,,,18.171973802993307,None,space,0.18758975801756606,18.171973802993307,None,,,,,,,,,,,001,2021_Apr_16_1922,Reading Span Exp Try,2021.1.2,59.94568549103063,
,,,,,,,,,,,,,,,,,,,,,,,,,,,,,,,,,,,,,,,,18.412462693988346,None,space,0.23961004300508648,18.412462693988346,None,18.684267578995787,None, t,,,,,,,
