﻿WordItem,trials.thisRepN,trials.thisTrialN,trials.thisN,trials.thisIndex,trials_2.thisRepN,trials_2.thisTrialN,trials_2.thisN,trials_2.thisIndex,Statement,corrAns,textWelcome.started,textWelcome.stopped,keyWelcome.keys,keyWelcome.rt,keyWelcome.started,keyWelcome.stopped,PracticeInstruction.started,PracticeInstruction.stopped,keypractice1.keys,keypractice1.rt,keypractice1.started,keypractice1.stopped,textPractice.started,textPractice.stopped,keypractice2.keys,keypractice2.rt,keypractice2.started,keypractice2.stopped,textPractice3.started,textPractice3.stopped,keypractice3.keys,keypractice3.rt,keypractice3.started,keypractice3.stopped,PracticeWords.started,PracticeWords.stopped,text.started,text.stopped,LetterEntry.started,LetterEntry.stopped,Practiceletterresponse.text,Practiceletterresponse.started,Practiceletterresponse.stopped,finishresponsepracticeletter.keys,finishresponsepracticeletter.rt,finishresponsepracticeletter.started,finishresponsepracticeletter.stopped,Finishletterbutton.started,Finishletterbutton.stopped,TFinstructionsentence.started,TFinstructionsentence.stopped,key_resp.keys,key_resp.rt,key_resp.started,key_resp.stopped,TFinstruction2.started,TFinstruction2.stopped,key_resp_4.keys,key_resp_4.rt,key_resp_4.started,key_resp_4.stopped,text_2.started,text_2.stopped,key_resp_2.keys,key_resp_2.rt,key_resp_2.started,key_resp_2.stopped,participant,session,date,expName,psychopyVersion,frameRate,
,,,,,,,,,,,18.21924270997988,None,space,0.9446385179762729,18.21924270997988,None,,,,,,,,,,,,,,,,,,,,,,,,,,,,,,,,,,,,,,,,,,,,,,,,,,,,,001,2021_Apr_16_2343,Reading Span Exp Try,2021.1.2,59.9982496093322,
,,,,,,,,,,,,,,,,,19.194168727990473,None,space,0.19484992700745352,19.194168727990473,None,,,,,,,,,,,,,,,,,,,,,,,,,,,,,,,,,,,,,,,,,,,,,,,001,2021_Apr_16_2343,Reading Span Exp Try,2021.1.2,59.9982496093322,
,,,,,,,,,,,,,,,,,,,,,,,19.41326110198861,None,space,0.29060928299441,19.41326110198861,None,,,,,,,,,,,,,,,,,,,,,,,,,,,,,,,,,,,,,,,,,001,2021_Apr_16_2343,Reading Span Exp Try,2021.1.2,59.9982496093322,
,,,,,,,,,,,,,,,,,,,,,,,,,,,,,19.76465706899762,None,space,0.8619006310182158,19.76465706899762,None,,,,,,,,,,,,,,,,,,,,,,,,,,,,,,,,,,,001,2021_Apr_16_2343,Reading Span Exp Try,2021.1.2,59.9982496093322,
K,0,0,0,0,,,,,,,,,,,,,,,,,,,,,,,,,,,,,,,20.678923625993775,None,22.67466782097472,None,,,,,,,,,,,,,,,,,,,,,,,,,,,,,,,001,2021_Apr_16_2343,Reading Span Exp Try,2021.1.2,59.9982496093322,
T,0,1,1,1,,,,,,,,,,,,,,,,,,,,,,,,,,,,,,,23.15984585499973,None,25.17376057198271,None,,,,,,,,,,,,,,,,,,,,,,,,,,,,,,,001,2021_Apr_16_2343,Reading Span Exp Try,2021.1.2,59.9982496093322,
,,,,,,,,,,,,,,,,,,,,,,,,,,,,,,,,,,,,,,,25.827457860985305,None,"KT
",25.827457860985305,None,return,11.313953987002606,25.827457860985305,None,,,,,,,,,,,,,,,,,,,,,,001,2021_Apr_16_2343,Reading Span Exp Try,2021.1.2,59.9982496093322,
,,,,,,,,,,,,,,,,,,,,,,,,,,,,,,,,,,,,,,,,,,,,,,,,25.827457860985305,None,37.18549197097309,None,space,4.523357872996712,37.18549197097309,None,,,,,,,,,,,,,,001,2021_Apr_16_2343,Reading Span Exp Try,2021.1.2,59.9982496093322,
,,,,,,,,,,,,,,,,,,,,,,,,,,,,,,,,,,,,,,,,,,,,,,,,,,,,,,,,41.72452980998787,None,space,1.6493471509893425,41.72452980998787,None,,,,,,,,001,2021_Apr_16_2343,Reading Span Exp Try,2021.1.2,59.9982496093322,
,,,,,,,,,,,,,,,,,,,,,,,,,,,,,,,,,,,,,,,,,,,,,,,,,,,,,,,,,,,,,,43.404410359973554,None,space,1.1843565760063939,43.404410359973554,None,,001,2021_Apr_16_2343,Reading Span Exp Try,2021.1.2,59.9982496093322,
