﻿WordItem,trials.thisRepN,trials.thisTrialN,trials.thisN,trials.thisIndex,textWelcome.started,textWelcome.stopped,keyWelcome.keys,keyWelcome.rt,keyWelcome.started,keyWelcome.stopped,PracticeInstruction.started,PracticeInstruction.stopped,keypractice1.keys,keypractice1.rt,keypractice1.started,keypractice1.stopped,textPractice.started,textPractice.stopped,keypractice2.keys,keypractice2.rt,keypractice2.started,keypractice2.stopped,textPractice3.started,textPractice3.stopped,keypractice3.keys,keypractice3.rt,keypractice3.started,keypractice3.stopped,PracticeWords.started,PracticeWords.stopped,text.started,text.stopped,participant,session,date,expName,psychopyVersion,frameRate,
,,,,,172.08147034799913,None,space,1.023613004013896,172.08147034799913,None,,,,,,,,,,,,,,,,,,,,,,,,001,2021_Apr_16_2347,Reading Span Exp Try,2021.1.2,59.67613606403864,
,,,,,,,,,,,173.15034851798555,None,space,0.15719633401022293,173.15034851798555,None,,,,,,,,,,,,,,,,,,001,2021_Apr_16_2347,Reading Span Exp Try,2021.1.2,59.67613606403864,
,,,,,,,,,,,,,,,,,173.33838025698788,None,space,0.3966406350082252,173.33838025698788,None,,,,,,,,,,,,001,2021_Apr_16_2347,Reading Span Exp Try,2021.1.2,59.67613606403864,
,,,,,,,,,,,,,,,,,,,,,,,173.78531052198377,None,space,0.39977280198945664,173.78531052198377,None,,,,,,001,2021_Apr_16_2347,Reading Span Exp Try,2021.1.2,59.67613606403864,
K,0,0,0,0,,,,,,,,,,,,,,,,,,,,,,,,,174.22284872099408,None,176.21814564600936,None,,001,2021_Apr_16_2347,Reading Span Exp Try,2021.1.2,59.67613606403864,
T,0,1,1,1,,,,,,,,,,,,,,,,,,,,,,,,,176.7187397640082,None,178.71883703800268,None,,001,2021_Apr_16_2347,Reading Span Exp Try,2021.1.2,59.67613606403864,
