﻿trials.thisRepN,trials.thisTrialN,trials.thisN,trials.thisIndex,trials_2.thisRepN,trials_2.thisTrialN,trials_2.thisN,trials_2.thisIndex,Statement,CorrAns,textWelcome.started,textWelcome.stopped,keyWelcome.keys,keyWelcome.rt,keyWelcome.started,keyWelcome.stopped,PracticeInstruction.started,PracticeInstruction.stopped,keypractice1.keys,keypractice1.rt,keypractice1.started,keypractice1.stopped,textPractice.started,textPractice.stopped,keypractice2.keys,keypractice2.rt,keypractice2.started,keypractice2.stopped,textPractice3.started,textPractice3.stopped,keypractice3.keys,keypractice3.rt,keypractice3.started,keypractice3.stopped,TFinstructionsentence.started,TFinstructionsentence.stopped,key_resp.keys,key_resp.rt,key_resp.started,key_resp.stopped,StatementDisplay.started,StatementDisplay.stopped,key_resp_2.keys,key_resp_2.rt,key_resp_2.started,key_resp_2.stopped,TFSentence.started,TFSentence.stopped,tfResponse.text,participant,session,date,expName,psychopyVersion,frameRate,
,,,,,,,,,,8.06744874099968,None,space,0.44340374699095264,8.06744874099968,None,,,,,,,,,,,,,,,,,,,,,,,,,,,,,,,,,,,001,2021_Apr_16_1920,Reading Span Exp Try,2021.1.2,59.974046110721666,
,,,,,,,,,,,,,,,,8.534969066007761,None,space,0.2457911430101376,8.534969066007761,None,,,,,,,,,,,,,,,,,,,,,,,,,,,,,001,2021_Apr_16_1920,Reading Span Exp Try,2021.1.2,59.974046110721666,
,,,,,,,,,,,,,,,,,,,,,,8.800700196006801,None,space,0.18258965798304416,8.800700196006801,None,,,,,,,,,,,,,,,,,,,,,,,001,2021_Apr_16_1920,Reading Span Exp Try,2021.1.2,59.974046110721666,
,,,,,,,,,,,,,,,,,,,,,,,,,,,,9.015368515014416,None,space,0.46286455099470913,9.015368515014416,None,,,,,,,,,,,,,,,,,001,2021_Apr_16_1920,Reading Span Exp Try,2021.1.2,59.974046110721666,
,,,,,,,,,,,,,,,,,,,,,,,,,,,,,,,,,,9.51122858200688,None,space,0.7322617199970409,9.51122858200688,None,,,,,,,,,,,001,2021_Apr_16_1920,Reading Span Exp Try,2021.1.2,59.974046110721666,
,,,,,,,,,,,,,,,,,,,,,,,,,,,,,,,,,,,,,,,,10.2912838680204,None,space,1.0094290949928109,10.2912838680204,None,11.340761942003155,None, t,,,,,,,
