﻿trials.thisRepN,trials.thisTrialN,trials.thisN,trials.thisIndex,trials_2.thisRepN,trials_2.thisTrialN,trials_2.thisN,trials_2.thisIndex,Statement,CorrAns,textWelcome.started,textWelcome.stopped,keyWelcome.keys,keyWelcome.rt,keyWelcome.started,keyWelcome.stopped,PracticeInstruction.started,PracticeInstruction.stopped,keypractice1.keys,keypractice1.rt,keypractice1.started,keypractice1.stopped,textPractice.started,textPractice.stopped,keypractice2.keys,keypractice2.rt,keypractice2.started,keypractice2.stopped,textPractice3.started,textPractice3.stopped,keypractice3.keys,keypractice3.rt,keypractice3.started,keypractice3.stopped,TFinstructionsentence.started,TFinstructionsentence.stopped,key_resp.keys,key_resp.rt,key_resp.started,key_resp.stopped,StatementDisplay.started,StatementDisplay.stopped,key_resp_2.keys,key_resp_2.rt,key_resp_2.started,key_resp_2.stopped,TFSentence.started,TFSentence.stopped,tfResponse.text,tfResponse.started,tfResponse.stopped,key_resp_4.keys,key_resp_4.rt,key_resp_4.started,key_resp_4.stopped,participant,session,date,expName,psychopyVersion,frameRate,
,,,,,,,,,,11.99283601497882,None,space,0.5437099749979097,11.99283601497882,None,,,,,,,,,,,,,,,,,,,,,,,,,,,,,,,,,,,,,,,,,001,2021_Apr_16_1941,Reading Span Exp Try,2021.1.2,59.64335575247345,
,,,,,,,,,,,,,,,,12.557405499974266,None,space,0.18169230100465938,12.557405499974266,None,,,,,,,,,,,,,,,,,,,,,,,,,,,,,,,,,,,001,2021_Apr_16_1941,Reading Span Exp Try,2021.1.2,59.64335575247345,
,,,,,,,,,,,,,,,,,,,,,,12.758869163983036,None,space,0.18269302099361084,12.758869163983036,None,,,,,,,,,,,,,,,,,,,,,,,,,,,,,001,2021_Apr_16_1941,Reading Span Exp Try,2021.1.2,59.64335575247345,
,,,,,,,,,,,,,,,,,,,,,,,,,,,,12.972608177980874,None,space,0.14893825599574484,12.972608177980874,None,,,,,,,,,,,,,,,,,,,,,,,001,2021_Apr_16_1941,Reading Span Exp Try,2021.1.2,59.64335575247345,
,,,,,,,,,,,,,,,,,,,,,,,,,,,,,,,,,,13.156617889995687,None,space,0.19000863199471496,13.156617889995687,None,,,,,,,,,,,,,,,,,001,2021_Apr_16_1941,Reading Span Exp Try,2021.1.2,59.64335575247345,
,,,,,,,,,,,,,,,,,,,,,,,,,,,,,,,,,,,,,,,,13.391083686990896,None,space,0.7880904340127017,13.391083686990896,None,14.220610144984676,None,t,14.220610144984676,None,space,5.763305380998645,14.220610144984676,None,,,,,,,
