﻿trials.thisRepN,trials.thisTrialN,trials.thisN,trials.thisIndex,trials_2.thisRepN,trials_2.thisTrialN,trials_2.thisN,trials_2.thisIndex,Statement,corrAns,textWelcome.started,textWelcome.stopped,keyWelcome.keys,keyWelcome.rt,keyWelcome.started,keyWelcome.stopped,PracticeInstruction.started,PracticeInstruction.stopped,keypractice1.keys,keypractice1.rt,keypractice1.started,keypractice1.stopped,textPractice.started,textPractice.stopped,keypractice2.keys,keypractice2.rt,keypractice2.started,keypractice2.stopped,textPractice3.started,textPractice3.stopped,keypractice3.keys,keypractice3.rt,keypractice3.started,keypractice3.stopped,TFinstructionsentence.started,TFinstructionsentence.stopped,key_resp.keys,key_resp.rt,key_resp.started,key_resp.stopped,TFinstruction2.started,TFinstruction2.stopped,key_resp_4.keys,key_resp_4.rt,key_resp_4.started,key_resp_4.stopped,StatementDisplay.started,StatementDisplay.stopped,key_resp_2.keys,key_resp_2.rt,key_resp_2.started,key_resp_2.stopped,participant,session,date,expName,psychopyVersion,frameRate,
,,,,,,,,,,13.854861808998976,None,space,2.3629519309906755,13.854861808998976,None,,,,,,,,,,,,,,,,,,,,,,,,,,,,,,,,,,,,,,001,2021_Apr_16_2154,Reading Span Exp Try,2021.1.2,60.054593473856016,
,,,,,,,,,,,,,,,,16.25623437500326,None,space,1.153993690997595,16.25623437500326,None,,,,,,,,,,,,,,,,,,,,,,,,,,,,,,,,001,2021_Apr_16_2154,Reading Span Exp Try,2021.1.2,60.054593473856016,
,,,,,,,,,,,,,,,,,,,,,,17.447118394979043,None,space,1.268160937994253,17.447118394979043,None,,,,,,,,,,,,,,,,,,,,,,,,,,001,2021_Apr_16_2154,Reading Span Exp Try,2021.1.2,60.054593473856016,
,,,,,,,,,,,,,,,,,,,,,,,,,,,,18.7429789469752,None,space,3.0323090970050544,18.7429789469752,None,,,,,,,,,,,,,,,,,,,,001,2021_Apr_16_2154,Reading Span Exp Try,2021.1.2,60.054593473856016,
,,,,,,,,,,,,,,,,,,,,,,,,,,,,,,,,,,21.80926592097967,None,space,2.485979232995305,21.80926592097967,None,,,,,,,,,,,,,,001,2021_Apr_16_2154,Reading Span Exp Try,2021.1.2,60.054593473856016,
,,,,,,,,,,,,,,,,,,,,,,,,,,,,,,,,,,,,,,,,24.325306134996936,None,space,1.590096830012044,24.325306134996936,None,,,,,,,,001,2021_Apr_16_2154,Reading Span Exp Try,2021.1.2,60.054593473856016,
,,,,,,,,,,,,,,,,,,,,,,,,,,,,,,,,,,,,,,,,,,,,,,25.959507163002854,29.958646565995878,space,10.260558599984506,25.959507163002854,None,,,,,,,
