﻿trials.thisRepN,trials.thisTrialN,trials.thisN,trials.thisIndex,WordItem,textWelcome.started,textWelcome.stopped,keyWelcome.keys,keyWelcome.rt,keyWelcome.started,keyWelcome.stopped,PracticeInstruction.started,PracticeInstruction.stopped,keypractice1.keys,keypractice1.rt,keypractice1.started,keypractice1.stopped,textPractice.started,textPractice.stopped,keypractice2.keys,keypractice2.rt,keypractice2.started,keypractice2.stopped,textPractice3.started,textPractice3.stopped,keypractice3.keys,keypractice3.rt,keypractice3.started,keypractice3.stopped,participant,session,date,expName,psychopyVersion,frameRate,
,,,,,11.942995731020346,None,space,0.4072952140122652,11.942995731020346,None,,,,,,,,,,,,,,,,,,,,001,2021_Apr_01_1905,Reading Span Exp Try,2021.1.2,60.15263549869116,
,,,,,,,,,,,12.388909591012634,None,space,0.225244946021121,12.388909591012634,None,,,,,,,,,,,,,,001,2021_Apr_01_1905,Reading Span Exp Try,2021.1.2,60.15263549869116,
,,,,,,,,,,,,,,,,,12.653059206029866,None,space,0.13222299399785697,12.653059206029866,None,,,,,,,,001,2021_Apr_01_1905,Reading Span Exp Try,2021.1.2,60.15263549869116,
,,,,,,,,,,,,,,,,,,,,,,,12.806521682010498,None,space,0.7047387410420924,12.806521682010498,None,,001,2021_Apr_01_1905,Reading Span Exp Try,2021.1.2,60.15263549869116,
