﻿Statement,CorrAns,trials.thisRepN,trials.thisTrialN,trials.thisN,trials.thisIndex,trials_2.thisRepN,trials_2.thisTrialN,trials_2.thisN,trials_2.thisIndex,textWelcome.started,textWelcome.stopped,keyWelcome.keys,keyWelcome.rt,keyWelcome.started,keyWelcome.stopped,PracticeInstruction.started,PracticeInstruction.stopped,keypractice1.keys,keypractice1.rt,keypractice1.started,keypractice1.stopped,textPractice.started,textPractice.stopped,keypractice2.keys,keypractice2.rt,keypractice2.started,keypractice2.stopped,textPractice3.started,textPractice3.stopped,keypractice3.keys,keypractice3.rt,keypractice3.started,keypractice3.stopped,TFinstructionsentence.started,TFinstructionsentence.stopped,key_resp.keys,key_resp.rt,key_resp.started,key_resp.stopped,StatementDisplay.started,StatementDisplay.stopped,key_resp_2.keys,key_resp_2.rt,key_resp_2.started,key_resp_2.stopped,TFSentence.started,TFSentence.stopped,TFResponse.text,TFResponse.started,TFResponse.stopped,key_resp_3.keys,key_resp_3.rt,key_resp_3.started,key_resp_3.stopped,correctAns,correctnessFeedback.started,correctnessFeedback.stopped,participant,session,date,expName,psychopyVersion,frameRate,
,,,,,,,,,,13.195427814003779,None,space,0.33343681402038783,13.195427814003779,None,,,,,,,,,,,,,,,,,,,,,,,,,,,,,,,,,,,,,,,,,,,,001,2021_Apr_16_1902,Reading Span Exp Try,2021.1.2,58.333452917822385,
,,,,,,,,,,,,,,,,13.568100838019745,None,space,0.14161359501304105,13.568100838019745,None,,,,,,,,,,,,,,,,,,,,,,,,,,,,,,,,,,,,,,001,2021_Apr_16_1902,Reading Span Exp Try,2021.1.2,58.333452917822385,
,,,,,,,,,,,,,,,,,,,,,,13.74494002602296,None,space,0.12155152199557051,13.74494002602296,None,,,,,,,,,,,,,,,,,,,,,,,,,,,,,,,,001,2021_Apr_16_1902,Reading Span Exp Try,2021.1.2,58.333452917822385,
,,,,,,,,,,,,,,,,,,,,,,,,,,,,13.89884338201955,None,space,0.28283841398661025,13.89884338201955,None,,,,,,,,,,,,,,,,,,,,,,,,,,001,2021_Apr_16_1902,Reading Span Exp Try,2021.1.2,58.333452917822385,
,,,,,,,,,,,,,,,,,,,,,,,,,,,,,,,,,,14.231474724016152,None,space,0.31000842101639137,14.231474724016152,None,,,,,,,,,,,,,,,,,,,,001,2021_Apr_16_1902,Reading Span Exp Try,2021.1.2,58.333452917822385,
adsfjiow;fj;ajf ,f,,,,,0,0,0,1,,,,,,,,,,,,,,,,,,,,,,,,,,,,,,,14.60253473802004,None,space,1.0188116359931882,14.60253473802004,None,15.674575462995563,None,t ,15.674575462995563,None,space,7.101762737991521,15.674575462995563,None,Incorrect,22.834606468008133,None,,001,2021_Apr_16_1902,Reading Span Exp Try,2021.1.2,58.333452917822385,
The brown fox ,t,,,,,0,1,1,0,,,,,,,,,,,,,,,,,,,,,,,,,,,,,,,23.865483575005783,None,space,1.7683609959785827,23.865483575005783,None,25.671436903008725,None,"t
",25.671436903008725,None,space,12.832461173995398,25.671436903008725,None,Incorrect,38.55702516101883,None,,001,2021_Apr_16_1902,Reading Span Exp Try,2021.1.2,58.333452917822385,
adlkj;a ;ijfw ;aij,f,,,,,0,2,2,2,,,,,,,,,,,,,,,,,,,,,,,,,,,,,,,39.5888768210134,None,space,4.067451101000188,39.5888768210134,None,43.70091066401801,None,t,43.70091066401801,None,space,5.9404531130276155,43.70091066401801,None,Incorrect,49.68776444499963,None,,001,2021_Apr_16_1902,Reading Span Exp Try,2021.1.2,58.333452917822385,
