﻿trials.thisRepN,trials.thisTrialN,trials.thisN,trials.thisIndex,trials_2.thisRepN,trials_2.thisTrialN,trials_2.thisN,trials_2.thisIndex,Statement,CorrAns,textWelcome.started,textWelcome.stopped,keyWelcome.keys,keyWelcome.rt,keyWelcome.started,keyWelcome.stopped,PracticeInstruction.started,PracticeInstruction.stopped,keypractice1.keys,keypractice1.rt,keypractice1.started,keypractice1.stopped,textPractice.started,textPractice.stopped,keypractice2.keys,keypractice2.rt,keypractice2.started,keypractice2.stopped,textPractice3.started,textPractice3.stopped,keypractice3.keys,keypractice3.rt,keypractice3.started,keypractice3.stopped,TFinstructionsentence.started,TFinstructionsentence.stopped,key_resp.keys,key_resp.rt,key_resp.started,key_resp.stopped,StatementDisplay.started,StatementDisplay.stopped,key_resp_2.keys,key_resp_2.rt,key_resp_2.started,key_resp_2.stopped,participant,session,date,expName,psychopyVersion,frameRate,
,,,,,,,,,,13.311326032999204,None,space,0.27496826599235646,13.311326032999204,None,,,,,,,,,,,,,,,,,,,,,,,,,,,,,,,,001,2021_Apr_16_1858,Reading Span Exp Try,2021.1.2,59.378969018215855,
,,,,,,,,,,,,,,,,13.61640378498123,None,space,0.1494772710138932,13.61640378498123,None,,,,,,,,,,,,,,,,,,,,,,,,,,001,2021_Apr_16_1858,Reading Span Exp Try,2021.1.2,59.378969018215855,
,,,,,,,,,,,,,,,,,,,,,,13.801967488980154,None,space,0.09929991600802168,13.801967488980154,None,,,,,,,,,,,,,,,,,,,,001,2021_Apr_16_1858,Reading Span Exp Try,2021.1.2,59.378969018215855,
,,,,,,,,,,,,,,,,,,,,,,,,,,,,13.938830350001808,None,space,0.11965995701029897,13.938830350001808,None,,,,,,,,,,,,,,001,2021_Apr_16_1858,Reading Span Exp Try,2021.1.2,59.378969018215855,
,,,,,,,,,,,,,,,,,,,,,,,,,,,,,,,,,,14.117712900973856,None,space,0.32343625999055803,14.117712900973856,None,,,,,,,,001,2021_Apr_16_1858,Reading Span Exp Try,2021.1.2,59.378969018215855,
,,,,,,,,,,,,,,,,,,,,,,,,,,,,,,,,,,,,,,,,14.502114313974744,None,space,0.36657880601705983,14.502114313974744,None,,,,,,,
