﻿WordItem,trials.thisRepN,trials.thisTrialN,trials.thisN,trials.thisIndex,textWelcome.started,textWelcome.stopped,keyWelcome.keys,keyWelcome.rt,keyWelcome.started,keyWelcome.stopped,PracticeInstruction.started,PracticeInstruction.stopped,keypractice1.keys,keypractice1.rt,keypractice1.started,keypractice1.stopped,textPractice.started,textPractice.stopped,keypractice2.keys,keypractice2.rt,keypractice2.started,keypractice2.stopped,textPractice3.started,textPractice3.stopped,keypractice3.keys,keypractice3.rt,keypractice3.started,keypractice3.stopped,PracticeWords.started,PracticeWords.stopped,text.started,text.stopped,participant,session,date,expName,psychopyVersion,frameRate,
,,,,,26.260456667019753,None,space,2.8608604420151096,26.260456667019753,None,,,,,,,,,,,,,,,,,,,,,,,,001,2021_Apr_16_2337,Reading Span Exp Try,2021.1.2,60.193615774033844,
,,,,,,,,,,,29.158254319016123,None,space,4.530575508979382,29.158254319016123,None,,,,,,,,,,,,,,,,,,001,2021_Apr_16_2337,Reading Span Exp Try,2021.1.2,60.193615774033844,
,,,,,,,,,,,,,,,,,33.71535438200226,None,space,7.195818170992425,33.71535438200226,None,,,,,,,,,,,,001,2021_Apr_16_2337,Reading Span Exp Try,2021.1.2,60.193615774033844,
,,,,,,,,,,,,,,,,,,,,,,,40.98817814400536,None,space,11.375700683973264,40.98817814400536,None,,,,,,001,2021_Apr_16_2337,Reading Span Exp Try,2021.1.2,60.193615774033844,
T,0,0,0,1,,,,,,,,,,,,,,,,,,,,,,,,,52.41125335902325,None,54.39428630200564,None,,001,2021_Apr_16_2337,Reading Span Exp Try,2021.1.2,60.193615774033844,
K,0,1,1,0,,,,,,,,,,,,,,,,,,,,,,,,,54.909405308018904,None,56.908919480018085,None,,001,2021_Apr_16_2337,Reading Span Exp Try,2021.1.2,60.193615774033844,
