﻿trials.thisRepN,trials.thisTrialN,trials.thisN,trials.thisIndex,WordItem,textWelcome.started,textWelcome.stopped,keyWelcome.keys,keyWelcome.rt,keyWelcome.started,keyWelcome.stopped,PracticeInstruction.started,PracticeInstruction.stopped,keypractice1.keys,keypractice1.rt,keypractice1.started,keypractice1.stopped,textPractice.started,textPractice.stopped,keypractice2.keys,keypractice2.rt,keypractice2.started,keypractice2.stopped,textPractice3.started,textPractice3.stopped,keypractice3.keys,keypractice3.rt,keypractice3.started,keypractice3.stopped,participant,session,date,expName,psychopyVersion,frameRate,
,,,,,11.990069720020983,None,space,0.38403670699335635,11.990069720020983,None,,,,,,,,,,,,,,,,,,,,001,2021_Apr_01_1904,Reading Span Exp Try,2021.1.2,60.1127758973136,
,,,,,,,,,,,12.41627333901124,None,space,0.2197834340040572,12.41627333901124,None,,,,,,,,,,,,,,001,2021_Apr_01_1904,Reading Span Exp Try,2021.1.2,60.1127758973136,
,,,,,,,,,,,,,,,,,12.671328670985531,None,space,0.17376061802497134,12.671328670985531,None,,,,,,,,001,2021_Apr_01_1904,Reading Span Exp Try,2021.1.2,60.1127758973136,
,,,,,,,,,,,,,,,,,,,,,,,12.86663711903384,None,space,0.24440062296343967,12.86663711903384,None,,001,2021_Apr_01_1904,Reading Span Exp Try,2021.1.2,60.1127758973136,
