﻿WordItem,trials.thisRepN,trials.thisTrialN,trials.thisN,trials.thisIndex,textWelcome.started,textWelcome.stopped,keyWelcome.keys,keyWelcome.rt,keyWelcome.started,keyWelcome.stopped,PracticeInstruction.started,PracticeInstruction.stopped,keypractice1.keys,keypractice1.rt,keypractice1.started,keypractice1.stopped,textPractice.started,textPractice.stopped,keypractice2.keys,keypractice2.rt,keypractice2.started,keypractice2.stopped,textPractice3.started,textPractice3.stopped,keypractice3.keys,keypractice3.rt,keypractice3.started,keypractice3.stopped,PracticeWords.started,PracticeWords.stopped,text.started,text.stopped,participant,session,date,expName,psychopyVersion,frameRate,
,,,,,15.59101269999519,None,space,1.6185714380117133,15.59101269999519,None,,,,,,,,,,,,,,,,,,,,,,,,001,2021_Apr_01_1847,Reading Span Exp Try,2021.1.2,60.60026793910543,
,,,,,,,,,,,17.23756213497836,None,space,0.35458955401554704,17.23756213497836,None,,,,,,,,,,,,,,,,,,001,2021_Apr_01_1847,Reading Span Exp Try,2021.1.2,60.60026793910543,
,,,,,,,,,,,,,,,,,17.62337047298206,None,space,4.176220402005129,17.62337047298206,None,,,,,,,,,,,,001,2021_Apr_01_1847,Reading Span Exp Try,2021.1.2,60.60026793910543,
,,,,,,,,,,,,,,,,,,,,,,,21.820352521026507,None,space,1.621777483029291,21.820352521026507,None,,,,,,001,2021_Apr_01_1847,Reading Span Exp Try,2021.1.2,60.60026793910543,
S,0,0,0,7,,,,,,,,,,,,,,,,,,,,,,,,,23.50092115998268,None,25.48426804598421,None,,001,2021_Apr_01_1847,Reading Span Exp Try,2021.1.2,60.60026793910543,
