﻿Statement,corrAns,trials.thisRepN,trials.thisTrialN,trials.thisN,trials.thisIndex,trials_2.thisRepN,trials_2.thisTrialN,trials_2.thisN,trials_2.thisIndex,textWelcome.started,textWelcome.stopped,keyWelcome.keys,keyWelcome.rt,keyWelcome.started,keyWelcome.stopped,PracticeInstruction.started,PracticeInstruction.stopped,keypractice1.keys,keypractice1.rt,keypractice1.started,keypractice1.stopped,textPractice.started,textPractice.stopped,keypractice2.keys,keypractice2.rt,keypractice2.started,keypractice2.stopped,textPractice3.started,textPractice3.stopped,keypractice3.keys,keypractice3.rt,keypractice3.started,keypractice3.stopped,TFinstructionsentence.started,TFinstructionsentence.stopped,key_resp.keys,key_resp.rt,key_resp.started,key_resp.stopped,StatementDisplay.started,StatementDisplay.stopped,key_resp_2.keys,key_resp_2.rt,key_resp_2.started,key_resp_2.stopped,TFSentence.started,TFSentence.stopped,tfresponse.keys,tfresponse.rt,tfresponse.started,tfresponse.stopped,correctnessFeedback.started,correctnessFeedback.stopped,key_resp_3.keys,key_resp_3.rt,key_resp_3.started,key_resp_3.stopped,participant,session,date,expName,psychopyVersion,frameRate,
,,,,,,,,,,13.693191470985767,None,space,8.453662679996341,13.693191470985767,None,,,,,,,,,,,,,,,,,,,,,,,,,,,,,,,,,,,,,,,,,,,,001,2021_Apr_16_2003,Reading Span Exp Try,2021.1.2,60.122851420577945,
,,,,,,,,,,,,,,,,22.2073762229993,None,space,0.5580052940058522,22.2073762229993,None,,,,,,,,,,,,,,,,,,,,,,,,,,,,,,,,,,,,,,001,2021_Apr_16_2003,Reading Span Exp Try,2021.1.2,60.122851420577945,
,,,,,,,,,,,,,,,,,,,,,,22.79552963297465,None,space,0.2197388699860312,22.79552963297465,None,,,,,,,,,,,,,,,,,,,,,,,,,,,,,,,,001,2021_Apr_16_2003,Reading Span Exp Try,2021.1.2,60.122851420577945,
,,,,,,,,,,,,,,,,,,,,,,,,,,,,23.048709672992118,None,space,0.27571461399202235,23.048709672992118,None,,,,,,,,,,,,,,,,,,,,,,,,,,001,2021_Apr_16_2003,Reading Span Exp Try,2021.1.2,60.122851420577945,
,,,,,,,,,,,,,,,,,,,,,,,,,,,,,,,,,,23.376302912976826,None,space,0.44409349298803136,23.376302912976826,None,,,,,,,,,,,,,,,,,,,,001,2021_Apr_16_2003,Reading Span Exp Try,2021.1.2,60.122851420577945,
The brown fox ,t,,,,,0,0,0,0,,,,,,,,,,,,,,,,,,,,,,,,,,,,,,,23.87500089997775,None,space,1.6202725690091029,23.87500089997775,None,25.529360102984356,None,t,1.257022482022876,25.529360102984356,None,26.820986259001074,None,space,3.682189251005184,26.820986259001074,None,,001,2021_Apr_16_2003,Reading Span Exp Try,2021.1.2,60.122851420577945,
adsfjiow;fj;ajf ,t,,,,,0,1,1,1,,,,,,,,,,,,,,,,,,,,,,,,,,,,,,,30.543383099982748,None,space,4.440097807004349,30.543383099982748,None,35.013767361000646,None,f,1.796313844010001,35.013767361000646,None,36.83549948298605,None,space,2.858505485986825,36.83549948298605,None,,001,2021_Apr_16_2003,Reading Span Exp Try,2021.1.2,60.122851420577945,
adlkj;a ;ijfw ;aij,t,,,,,0,2,2,2,,,,,,,,,,,,,,,,,,,,,,,,,,,,,,,39.72316303898697,None,space,2.3626617919944692,39.72316303898697,None,42.11384723399533,None,t,0.34007781697437167,42.11384723399533,None,42.481760869995924,None,space,0.4841962840000633,42.481760869995924,None,,001,2021_Apr_16_2003,Reading Span Exp Try,2021.1.2,60.122851420577945,
