﻿Statement,CorrAns,trials.thisRepN,trials.thisTrialN,trials.thisN,trials.thisIndex,trials_2.thisRepN,trials_2.thisTrialN,trials_2.thisN,trials_2.thisIndex,textWelcome.started,textWelcome.stopped,keyWelcome.keys,keyWelcome.rt,keyWelcome.started,keyWelcome.stopped,PracticeInstruction.started,PracticeInstruction.stopped,keypractice1.keys,keypractice1.rt,keypractice1.started,keypractice1.stopped,textPractice.started,textPractice.stopped,keypractice2.keys,keypractice2.rt,keypractice2.started,keypractice2.stopped,textPractice3.started,textPractice3.stopped,keypractice3.keys,keypractice3.rt,keypractice3.started,keypractice3.stopped,TFinstructionsentence.started,TFinstructionsentence.stopped,key_resp.keys,key_resp.rt,key_resp.started,key_resp.stopped,StatementDisplay.started,StatementDisplay.stopped,key_resp_2.keys,key_resp_2.rt,key_resp_2.started,key_resp_2.stopped,TFSentence.started,TFSentence.stopped,tfResponse.text,tfResponse.started,tfResponse.stopped,key_resp_4.keys,key_resp_4.rt,key_resp_4.started,key_resp_4.stopped,correctAns,correctnessFeedback.started,correctnessFeedback.stopped,key_resp_3.keys,key_resp_3.rt,key_resp_3.started,key_resp_3.stopped,participant,session,date,expName,psychopyVersion,frameRate,
,,,,,,,,,,10.611838796990924,None,space,0.9491539919981733,10.611838796990924,None,,,,,,,,,,,,,,,,,,,,,,,,,,,,,,,,,,,,,,,,,,,,,,,,001,2021_Apr_16_1936,Reading Span Exp Try,2021.1.2,60.043361157189075,
,,,,,,,,,,,,,,,,11.58533477599849,None,space,0.17807378299767151,11.58533477599849,None,,,,,,,,,,,,,,,,,,,,,,,,,,,,,,,,,,,,,,,,,,001,2021_Apr_16_1936,Reading Span Exp Try,2021.1.2,60.043361157189075,
,,,,,,,,,,,,,,,,,,,,,,11.786947298009181,None,space,0.3139614889805671,11.786947298009181,None,,,,,,,,,,,,,,,,,,,,,,,,,,,,,,,,,,,,001,2021_Apr_16_1936,Reading Span Exp Try,2021.1.2,60.043361157189075,
,,,,,,,,,,,,,,,,,,,,,,,,,,,,12.118113375006942,None,space,0.3203514800115954,12.118113375006942,None,,,,,,,,,,,,,,,,,,,,,,,,,,,,,,001,2021_Apr_16_1936,Reading Span Exp Try,2021.1.2,60.043361157189075,
,,,,,,,,,,,,,,,,,,,,,,,,,,,,,,,,,,12.480188501998782,None,space,0.3632114469946828,12.480188501998782,None,,,,,,,,,,,,,,,,,,,,,,,,001,2021_Apr_16_1936,Reading Span Exp Try,2021.1.2,60.043361157189075,
adlkj;a ;ijfw ;aij,t,,,,,0,0,0,2,,,,,,,,,,,,,,,,,,,,,,,,,,,,,,,12.885126593988389,None,space,1.443389007996302,12.885126593988389,None,14.36912674899213,None,t,14.36912674899213,None,space,7.5430344339984,14.36912674899213,None,Incorrect,21.94568417800474,None,space,3.9927509580156766,21.94568417800474,None,,001,2021_Apr_16_1936,Reading Span Exp Try,2021.1.2,60.043361157189075,
,,,,,,,,,,,,,,,,,,,,,,,,,,,,,,,,,,,,,,,,25.975824341003317,None,space,0.9750177529931534,25.975824341003317,None,26.98560442199232,None,t,26.98560442199232,None,space,11.147624288016232,26.98560442199232,None,Incorrect,,,,,,,,,,,,,
