﻿trials.thisRepN,trials.thisTrialN,trials.thisN,trials.thisIndex,trials_2.thisRepN,trials_2.thisTrialN,trials_2.thisN,trials_2.thisIndex,Statement,CorrAns,textWelcome.started,textWelcome.stopped,keyWelcome.keys,keyWelcome.rt,keyWelcome.started,keyWelcome.stopped,PracticeInstruction.started,PracticeInstruction.stopped,keypractice1.keys,keypractice1.rt,keypractice1.started,keypractice1.stopped,textPractice.started,textPractice.stopped,keypractice2.keys,keypractice2.rt,keypractice2.started,keypractice2.stopped,textPractice3.started,textPractice3.stopped,keypractice3.keys,keypractice3.rt,keypractice3.started,keypractice3.stopped,TFinstructionsentence.started,TFinstructionsentence.stopped,key_resp.keys,key_resp.rt,key_resp.started,key_resp.stopped,StatementDisplay.started,StatementDisplay.stopped,key_resp_2.keys,key_resp_2.rt,key_resp_2.started,key_resp_2.stopped,participant,session,date,expName,psychopyVersion,frameRate,
,,,,,,,,,,15.144017771992367,None,space,0.9409042629995383,15.144017771992367,None,,,,,,,,,,,,,,,,,,,,,,,,,,,,,,,,001,2021_Apr_16_1854,Reading Span Exp Try,2021.1.2,60.23322823294162,
,,,,,,,,,,,,,,,,16.121724962984445,None,space,0.2779958169849124,16.121724962984445,None,,,,,,,,,,,,,,,,,,,,,,,,,,001,2021_Apr_16_1854,Reading Span Exp Try,2021.1.2,60.23322823294162,
,,,,,,,,,,,,,,,,,,,,,,16.444141708983807,None,space,0.315680069004884,16.444141708983807,None,,,,,,,,,,,,,,,,,,,,001,2021_Apr_16_1854,Reading Span Exp Try,2021.1.2,60.23322823294162,
,,,,,,,,,,,,,,,,,,,,,,,,,,,,16.79921066199313,None,space,0.3656268870108761,16.79921066199313,None,,,,,,,,,,,,,,001,2021_Apr_16_1854,Reading Span Exp Try,2021.1.2,60.23322823294162,
,,,,,,,,,,,,,,,,,,,,,,,,,,,,,,,,,,17.2193228029937,None,space,0.5080178490024991,17.2193228029937,None,,,,,,,,001,2021_Apr_16_1854,Reading Span Exp Try,2021.1.2,60.23322823294162,
,,,,,,,,,,,,,,,,,,,,,,,,,,,,,,,,,,,,,,,,17.787775742006488,None,space,3.8768480170110706,17.787775742006488,None,,,,,,,
