﻿WordItem,trials.thisRepN,trials.thisTrialN,trials.thisN,trials.thisIndex,textWelcome.started,textWelcome.stopped,keyWelcome.keys,keyWelcome.rt,keyWelcome.started,keyWelcome.stopped,PracticeInstruction.started,PracticeInstruction.stopped,keypractice1.keys,keypractice1.rt,keypractice1.started,keypractice1.stopped,textPractice.started,textPractice.stopped,keypractice2.keys,keypractice2.rt,keypractice2.started,keypractice2.stopped,textPractice3.started,textPractice3.stopped,keypractice3.keys,keypractice3.rt,keypractice3.started,keypractice3.stopped,PracticeWords.started,PracticeWords.stopped,text.started,text.stopped,participant,session,date,expName,psychopyVersion,frameRate,
,,,,,11.911077188997297,None,space,0.4907508270116523,11.911077188997297,None,,,,,,,,,,,,,,,,,,,,,,,,001,2021_Apr_16_2321,Reading Span Exp Try,2021.1.2,60.97124287497113,
,,,,,,,,,,,12.426952224981505,None,space,0.19990666999365203,12.426952224981505,None,,,,,,,,,,,,,,,,,,001,2021_Apr_16_2321,Reading Span Exp Try,2021.1.2,60.97124287497113,
,,,,,,,,,,,,,,,,,12.658871629973873,None,space,0.1929728880058974,12.658871629973873,None,,,,,,,,,,,,001,2021_Apr_16_2321,Reading Span Exp Try,2021.1.2,60.97124287497113,
,,,,,,,,,,,,,,,,,,,,,,,12.875342099985573,None,space,0.3590908309852239,12.875342099985573,None,,,,,,001,2021_Apr_16_2321,Reading Span Exp Try,2021.1.2,60.97124287497113,
K,0,0,0,0,,,,,,,,,,,,,,,,,,,,,,,,,13.2743943509995,None,15.27581106298021,None,,001,2021_Apr_16_2321,Reading Span Exp Try,2021.1.2,60.97124287497113,
T,0,1,1,1,,,,,,,,,,,,,,,,,,,,,,,,,15.776035772985779,None,17.77581030098372,None,,001,2021_Apr_16_2321,Reading Span Exp Try,2021.1.2,60.97124287497113,
T,1,0,2,1,,,,,,,,,,,,,,,,,,,,,,,,,18.275028828997165,None,20.27517475897912,None,,001,2021_Apr_16_2321,Reading Span Exp Try,2021.1.2,60.97124287497113,
K,1,1,3,0,,,,,,,,,,,,,,,,,,,,,,,,,20.77535656199325,None,22.775077279977268,None,,001,2021_Apr_16_2321,Reading Span Exp Try,2021.1.2,60.97124287497113,
