﻿trials.thisRepN,trials.thisTrialN,trials.thisN,trials.thisIndex,trials_2.thisRepN,trials_2.thisTrialN,trials_2.thisN,trials_2.thisIndex,Statement,CorrAns,textWelcome.started,textWelcome.stopped,keyWelcome.keys,keyWelcome.rt,keyWelcome.started,keyWelcome.stopped,PracticeInstruction.started,PracticeInstruction.stopped,keypractice1.keys,keypractice1.rt,keypractice1.started,keypractice1.stopped,textPractice.started,textPractice.stopped,keypractice2.keys,keypractice2.rt,keypractice2.started,keypractice2.stopped,textPractice3.started,textPractice3.stopped,keypractice3.keys,keypractice3.rt,keypractice3.started,keypractice3.stopped,TFinstructionsentence.started,TFinstructionsentence.stopped,key_resp.keys,key_resp.rt,key_resp.started,key_resp.stopped,StatementDisplay.started,StatementDisplay.stopped,key_resp_2.keys,key_resp_2.rt,key_resp_2.started,key_resp_2.stopped,TFSentence.started,TFSentence.stopped,tfResponse.text,participant,session,date,expName,psychopyVersion,frameRate,
,,,,,,,,,,11.856485566007905,None,space,4.676917113014497,11.856485566007905,None,,,,,,,,,,,,,,,,,,,,,,,,,,,,,,,,,,,001,2021_Apr_16_1922,Reading Span Exp Try,2021.1.2,59.721290770069636,
,,,,,,,,,,,,,,,,16.56301209400408,None,space,0.12784756001201458,16.56301209400408,None,,,,,,,,,,,,,,,,,,,,,,,,,,,,,001,2021_Apr_16_1922,Reading Span Exp Try,2021.1.2,59.721290770069636,
,,,,,,,,,,,,,,,,,,,,,,16.712136054993607,None,space,0.1812466369883623,16.712136054993607,None,,,,,,,,,,,,,,,,,,,,,,,001,2021_Apr_16_1922,Reading Span Exp Try,2021.1.2,59.721290770069636,
,,,,,,,,,,,,,,,,,,,,,,,,,,,,16.912221585022053,None,space,0.25110991101246327,16.912221585022053,None,,,,,,,,,,,,,,,,,001,2021_Apr_16_1922,Reading Span Exp Try,2021.1.2,59.721290770069636,
,,,,,,,,,,,,,,,,,,,,,,,,,,,,,,,,,,17.208004801999778,None,space,0.33781219500815496,17.208004801999778,None,,,,,,,,,,,001,2021_Apr_16_1922,Reading Span Exp Try,2021.1.2,59.721290770069636,
,,,,,,,,,,,,,,,,,,,,,,,,,,,,,,,,,,,,,,,,17.59841994100134,None,space,0.5099101729865652,17.59841994100134,None,18.136296762997517,None, t,,,,,,,
