﻿trials.thisRepN,trials.thisTrialN,trials.thisN,trials.thisIndex,WordItem,textWelcome.started,textWelcome.stopped,keyWelcome.keys,keyWelcome.rt,keyWelcome.started,keyWelcome.stopped,PracticeInstruction.started,PracticeInstruction.stopped,keypractice1.keys,keypractice1.rt,keypractice1.started,keypractice1.stopped,textPractice.started,textPractice.stopped,keypractice2.keys,keypractice2.rt,keypractice2.started,keypractice2.stopped,textPractice3.started,textPractice3.stopped,keypractice3.keys,keypractice3.rt,keypractice3.started,keypractice3.stopped,PracticeWords.started,PracticeWords.stopped,text.started,text.stopped,participant,session,date,expName,psychopyVersion,frameRate,
,,,,,11.427959961991291,None,space,0.5811338909843471,11.427959961991291,None,,,,,,,,,,,,,,,,,,,,,,,,001,2021_Apr_16_2312,Reading Span Exp Try,2021.1.2,60.574102814018524,
,,,,,,,,,,,12.031475991010666,None,space,0.3151519290113356,12.031475991010666,None,,,,,,,,,,,,,,,,,,001,2021_Apr_16_2312,Reading Span Exp Try,2021.1.2,60.574102814018524,
,,,,,,,,,,,,,,,,,12.368377792008687,None,space,0.29332204200909473,12.368377792008687,None,,,,,,,,,,,,001,2021_Apr_16_2312,Reading Span Exp Try,2021.1.2,60.574102814018524,
,,,,,,,,,,,,,,,,,,,,,,,12.679906711011427,None,space,0.38665856298757717,12.679906711011427,None,,,,,,001,2021_Apr_16_2312,Reading Span Exp Try,2021.1.2,60.574102814018524,
,,,,,,,,,,,,,,,,,,,,,,,,,,,,,13.114302727015456,None,15.113458589010406,None,,,,,,,
