﻿Statement,corrAns,trials.thisRepN,trials.thisTrialN,trials.thisN,trials.thisIndex,trials_2.thisRepN,trials_2.thisTrialN,trials_2.thisN,trials_2.thisIndex,textWelcome.started,textWelcome.stopped,keyWelcome.keys,keyWelcome.rt,keyWelcome.started,keyWelcome.stopped,PracticeInstruction.started,PracticeInstruction.stopped,keypractice1.keys,keypractice1.rt,keypractice1.started,keypractice1.stopped,textPractice.started,textPractice.stopped,keypractice2.keys,keypractice2.rt,keypractice2.started,keypractice2.stopped,textPractice3.started,textPractice3.stopped,keypractice3.keys,keypractice3.rt,keypractice3.started,keypractice3.stopped,TFinstructionsentence.started,TFinstructionsentence.stopped,key_resp.keys,key_resp.rt,key_resp.started,key_resp.stopped,StatementDisplay.started,StatementDisplay.stopped,key_resp_2.keys,key_resp_2.rt,key_resp_2.started,key_resp_2.stopped,TFSentence.started,TFSentence.stopped,tfresponse.keys,tfresponse.rt,tfresponse.started,tfresponse.stopped,correctnessFeedback.started,correctnessFeedback.stopped,key_resp_3.keys,key_resp_3.rt,key_resp_3.started,key_resp_3.stopped,participant,session,date,expName,psychopyVersion,frameRate,
,,,,,,,,,,11.061527526006103,None,space,0.20109698598389514,11.061527526006103,None,,,,,,,,,,,,,,,,,,,,,,,,,,,,,,,,,,,,,,,,,,,,001,2021_Apr_16_2002,Reading Span Exp Try,2021.1.2,59.70177590470312,
,,,,,,,,,,,,,,,,11.29319083498558,None,space,0.2653886070183944,11.29319083498558,None,,,,,,,,,,,,,,,,,,,,,,,,,,,,,,,,,,,,,,001,2021_Apr_16_2002,Reading Span Exp Try,2021.1.2,59.70177590470312,
,,,,,,,,,,,,,,,,,,,,,,11.592468077986268,None,space,0.3581558639998548,11.592468077986268,None,,,,,,,,,,,,,,,,,,,,,,,,,,,,,,,,001,2021_Apr_16_2002,Reading Span Exp Try,2021.1.2,59.70177590470312,
,,,,,,,,,,,,,,,,,,,,,,,,,,,,11.973650947998976,None,space,0.2838368339871522,11.973650947998976,None,,,,,,,,,,,,,,,,,,,,,,,,,,001,2021_Apr_16_2002,Reading Span Exp Try,2021.1.2,59.70177590470312,
,,,,,,,,,,,,,,,,,,,,,,,,,,,,,,,,,,12.308358259993838,None,space,0.5002277260064147,12.308358259993838,None,,,,,,,,,,,,,,,,,,,,001,2021_Apr_16_2002,Reading Span Exp Try,2021.1.2,59.70177590470312,
adsfjiow;fj;ajf ,t,,,,,0,0,0,1,,,,,,,,,,,,,,,,,,,,,,,,,,,,,,,12.859805411979323,None,space,0.5347087639966048,12.859805411979323,None,13.422822756983805,None,f,3.5017423869867343,13.422822756983805,None,16.96069076799904,None,space,0.48082744600833394,16.96069076799904,None,,001,2021_Apr_16_2002,Reading Span Exp Try,2021.1.2,59.70177590470312,
adlkj;a ;ijfw ;aij,t,,,,,0,1,1,2,,,,,,,,,,,,,,,,,,,,,,,,,,,,,,,17.475683972996194,None,space,2.2877680139790755,17.475683972996194,None,19.78895399198518,None,t,0.2624607610050589,19.78895399198518,None,20.074681400001282,None,space,0.294724462000886,20.074681400001282,None,,001,2021_Apr_16_2002,Reading Span Exp Try,2021.1.2,59.70177590470312,
The brown fox ,t,,,,,0,2,2,0,,,,,,,,,,,,,,,,,,,,,,,,,,,,,,,20.395308504987042,None,space,0.3080705380125437,20.395308504987042,None,20.723056163988076,None,f,0.8763493330043275,20.723056163988076,None,21.621265636989847,None,space,0.4150857930071652,21.621265636989847,None,,001,2021_Apr_16_2002,Reading Span Exp Try,2021.1.2,59.70177590470312,
