﻿Statement,CorrAns,trials.thisRepN,trials.thisTrialN,trials.thisN,trials.thisIndex,trials_2.thisRepN,trials_2.thisTrialN,trials_2.thisN,trials_2.thisIndex,textWelcome.started,textWelcome.stopped,keyWelcome.keys,keyWelcome.rt,keyWelcome.started,keyWelcome.stopped,PracticeInstruction.started,PracticeInstruction.stopped,keypractice1.keys,keypractice1.rt,keypractice1.started,keypractice1.stopped,textPractice.started,textPractice.stopped,keypractice2.keys,keypractice2.rt,keypractice2.started,keypractice2.stopped,textPractice3.started,textPractice3.stopped,keypractice3.keys,keypractice3.rt,keypractice3.started,keypractice3.stopped,TFinstructionsentence.started,TFinstructionsentence.stopped,key_resp.keys,key_resp.rt,key_resp.started,key_resp.stopped,StatementDisplay.started,StatementDisplay.stopped,key_resp_2.keys,key_resp_2.rt,key_resp_2.started,key_resp_2.stopped,TFSentence.started,TFSentence.stopped,key_resp_3.keys,key_resp_3.corr,key_resp_3.rt,key_resp_3.started,key_resp_3.stopped,participant,session,date,expName,psychopyVersion,frameRate,
,,,,,,,,,,11.873060329991858,None,space,0.46712107700295746,11.873060329991858,None,,,,,,,,,,,,,,,,,,,,,,,,,,,,,,,,,,,,,,,001,2021_Apr_16_1838,Reading Span Exp Try,2021.1.2,60.15005538505571,
,,,,,,,,,,,,,,,,12.377741872012848,None,space,0.29983066199929453,12.377741872012848,None,,,,,,,,,,,,,,,,,,,,,,,,,,,,,,,,,001,2021_Apr_16_1838,Reading Span Exp Try,2021.1.2,60.15005538505571,
,,,,,,,,,,,,,,,,,,,,,,12.709598471003119,None,space,0.4853105410002172,12.709598471003119,None,,,,,,,,,,,,,,,,,,,,,,,,,,,001,2021_Apr_16_1838,Reading Span Exp Try,2021.1.2,60.15005538505571,
,,,,,,,,,,,,,,,,,,,,,,,,,,,,13.228768330009189,None,space,0.39383720501791686,13.228768330009189,None,,,,,,,,,,,,,,,,,,,,,001,2021_Apr_16_1838,Reading Span Exp Try,2021.1.2,60.15005538505571,
,,,,,,,,,,,,,,,,,,,,,,,,,,,,,,,,,,13.684027862007497,None,space,3.3134949240193237,13.684027862007497,None,,,,,,,,,,,,,,,001,2021_Apr_16_1838,Reading Span Exp Try,2021.1.2,60.15005538505571,
The brown fox ,t,,,,,0,0,0,0,,,,,,,,,,,,,,,,,,,,,,,,,,,,,,,17.057061714993324,None,space,3.9228750369802583,17.057061714993324,None,21.008927173010306,None,t,1,3.6161653590097558,21.008927173010306,None,,001,2021_Apr_16_1838,Reading Span Exp Try,2021.1.2,60.15005538505571,
adsfjiow;fj;ajf ,f,,,,,0,1,1,1,,,,,,,,,,,,,,,,,,,,,,,,,,,,,,,24.68345361101092,None,space,8.289221991988597,24.68345361101092,None,33.01532292901538,None,f,1,1.9821552469802555,33.01532292901538,None,,001,2021_Apr_16_1838,Reading Span Exp Try,2021.1.2,60.15005538505571,
adlkj;a ;ijfw ;aij,f,,,,,0,2,2,2,,,,,,,,,,,,,,,,,,,,,,,,,,,,,,,35.042310107994126,None,space,0.6077333830180578,35.042310107994126,None,35.68223521800246,None,f,1,0.3727696610148996,35.68223521800246,None,,001,2021_Apr_16_1838,Reading Span Exp Try,2021.1.2,60.15005538505571,
adlkj;a ;ijfw ;aij,f,,,,,1,0,3,2,,,,,,,,,,,,,,,,,,,,,,,,,,,,,,,36.090212829993106,None,space,0.3246781649941113,36.090212829993106,None,36.45775036900886,None,f,1,0.24957880799775012,36.45775036900886,None,,001,2021_Apr_16_1838,Reading Span Exp Try,2021.1.2,60.15005538505571,
The brown fox ,t,,,,,1,1,4,0,,,,,,,,,,,,,,,,,,,,,,,,,,,,,,,36.762993311014725,None,space,0.19204561799415387,36.762993311014725,None,36.99090590298874,None,f,0,0.07650743299745955,36.99090590298874,None,,001,2021_Apr_16_1838,Reading Span Exp Try,2021.1.2,60.15005538505571,
adsfjiow;fj;ajf ,f,,,,,1,2,5,1,,,,,,,,,,,,,,,,,,,,,,,,,,,,,,,37.112366596993525,None,space,0.13504703401122242,37.112366596993525,None,37.27659189401311,None,f,1,0.03845055599231273,37.27659189401311,None,,001,2021_Apr_16_1838,Reading Span Exp Try,2021.1.2,60.15005538505571,
The brown fox ,t,,,,,2,0,6,0,,,,,,,,,,,,,,,,,,,,,,,,,,,,,,,37.35875543000293,None,space,0.09123743101372384,37.35875543000293,None,37.481260303000454,None,f,0,0.05867317502270453,37.481260303000454,None,,001,2021_Apr_16_1838,Reading Span Exp Try,2021.1.2,60.15005538505571,
adsfjiow;fj;ajf ,f,,,,,2,1,7,1,,,,,,,,,,,,,,,,,,,,,,,,,,,,,,,37.57869881700026,None,space,0.0738004140148405,37.57869881700026,None,37.687878349999664,None,f,1,0.03218911599833518,37.687878349999664,None,,001,2021_Apr_16_1838,Reading Span Exp Try,2021.1.2,60.15005538505571,
adlkj;a ;ijfw ;aij,f,,,,,2,2,8,2,,,,,,,,,,,,,,,,,,,,,,,,,,,,,,,37.76979123998899,None,space,0.08527321799192578,37.76979123998899,None,37.90351883400581,None,f,1,0.15380041900789365,37.90351883400581,None,,001,2021_Apr_16_1838,Reading Span Exp Try,2021.1.2,60.15005538505571,
adsfjiow;fj;ajf ,f,,,,,3,0,9,1,,,,,,,,,,,,,,,,,,,,,,,,,,,,,,,38.1083662440069,None,space,0.08413934000418521,38.1083662440069,None,38.23446059098933,None,f,1,0.0030746889824513346,38.23446059098933,None,,001,2021_Apr_16_1838,Reading Span Exp Try,2021.1.2,60.15005538505571,
The brown fox ,t,,,,,3,1,10,0,,,,,,,,,,,,,,,,,,,,,,,,,,,,,,,38.29153440298978,None,space,0.1709460869897157,38.29153440298978,None,38.500649861991405,None,f,0,0.16425605799304321,38.500649861991405,None,,001,2021_Apr_16_1838,Reading Span Exp Try,2021.1.2,60.15005538505571,
adlkj;a ;ijfw ;aij,f,,,,,3,2,11,2,,,,,,,,,,,,,,,,,,,,,,,,,,,,,,,38.718652208015556,None,space,0.1263801040186081,38.718652208015556,None,38.87974853999913,None,f,1,0.10034932498820126,38.87974853999913,None,,001,2021_Apr_16_1838,Reading Span Exp Try,2021.1.2,60.15005538505571,
The brown fox ,t,,,,,4,0,12,0,,,,,,,,,,,,,,,,,,,,,,,,,,,,,,,39.02986281400081,None,space,0.017569516989169642,39.02986281400081,None,39.078376265009865,None,f,0,0.059140458004549146,39.078376265009865,None,,001,2021_Apr_16_1838,Reading Span Exp Try,2021.1.2,60.15005538505571,
adsfjiow;fj;ajf ,f,,,,,4,1,13,1,,,,,,,,,,,,,,,,,,,,,,,,,,,,,,,39.186445419996744,None,space,0.06351365699083544,39.186445419996744,None,39.29119561999687,None,f,1,0.14016335501219146,39.29119561999687,None,,001,2021_Apr_16_1838,Reading Span Exp Try,2021.1.2,60.15005538505571,
adlkj;a ;ijfw ;aij,f,,,,,4,2,14,2,,,,,,,,,,,,,,,,,,,,,,,,,,,,,,,39.49312974099303,None,space,0.13921917299740016,39.49312974099303,None,39.66309186600847,None,f,1,0.08175852801650763,39.66309186600847,None,,001,2021_Apr_16_1838,Reading Span Exp Try,2021.1.2,60.15005538505571,
