﻿trials.thisRepN,trials.thisTrialN,trials.thisN,trials.thisIndex,trials_2.thisRepN,trials_2.thisTrialN,trials_2.thisN,trials_2.thisIndex,Statement,CorrAns,textWelcome.started,textWelcome.stopped,keyWelcome.keys,keyWelcome.rt,keyWelcome.started,keyWelcome.stopped,PracticeInstruction.started,PracticeInstruction.stopped,keypractice1.keys,keypractice1.rt,keypractice1.started,keypractice1.stopped,textPractice.started,textPractice.stopped,keypractice2.keys,keypractice2.rt,keypractice2.started,keypractice2.stopped,textPractice3.started,textPractice3.stopped,keypractice3.keys,keypractice3.rt,keypractice3.started,keypractice3.stopped,TFinstructionsentence.started,TFinstructionsentence.stopped,key_resp.keys,key_resp.rt,key_resp.started,key_resp.stopped,StatementDisplay.started,StatementDisplay.stopped,key_resp_2.keys,key_resp_2.rt,key_resp_2.started,key_resp_2.stopped,TFSentence.started,TFSentence.stopped,TFResponse.text,participant,session,date,expName,psychopyVersion,frameRate,
,,,,,,,,,,11.477371320972452,None,space,0.5965005909965839,11.477371320972452,None,,,,,,,,,,,,,,,,,,,,,,,,,,,,,,,,,,,001,2021_Apr_16_1907,Reading Span Exp Try,2021.1.2,60.25843044651078,
,,,,,,,,,,,,,,,,12.105798809992848,None,space,0.2829314039845485,12.105798809992848,None,,,,,,,,,,,,,,,,,,,,,,,,,,,,,001,2021_Apr_16_1907,Reading Span Exp Try,2021.1.2,60.25843044651078,
,,,,,,,,,,,,,,,,,,,,,,12.423039601999335,None,space,0.1233457839989569,12.423039601999335,None,,,,,,,,,,,,,,,,,,,,,,,001,2021_Apr_16_1907,Reading Span Exp Try,2021.1.2,60.25843044651078,
,,,,,,,,,,,,,,,,,,,,,,,,,,,,12.5760530649859,None,space,0.3302829699823633,12.5760530649859,None,,,,,,,,,,,,,,,,,001,2021_Apr_16_1907,Reading Span Exp Try,2021.1.2,60.25843044651078,
,,,,,,,,,,,,,,,,,,,,,,,,,,,,,,,,,,12.952637775975745,None,space,0.4035712619952392,12.952637775975745,None,,,,,,,,,,,001,2021_Apr_16_1907,Reading Span Exp Try,2021.1.2,60.25843044651078,
,,,,,,,,,,,,,,,,,,,,,,,,,,,,,,,,,,,,,,,,13.421057027997449,None,space,1.1952443059999496,13.421057027997449,None,14.657172895997064,None, t ,,,,,,,
