﻿WordItem,Statement,corrAns,trials.thisRepN,trials.thisTrialN,trials.thisN,trials.thisIndex,trials_2.thisRepN,trials_2.thisTrialN,trials_2.thisN,trials_2.thisIndex,textWelcome.started,textWelcome.stopped,keyWelcome.keys,keyWelcome.rt,keyWelcome.started,keyWelcome.stopped,PracticeInstruction.started,PracticeInstruction.stopped,keypractice1.keys,keypractice1.rt,keypractice1.started,keypractice1.stopped,textPractice.started,textPractice.stopped,keypractice2.keys,keypractice2.rt,keypractice2.started,keypractice2.stopped,textPractice3.started,textPractice3.stopped,keypractice3.keys,keypractice3.rt,keypractice3.started,keypractice3.stopped,PracticeWords.started,PracticeWords.stopped,text.started,text.stopped,LetterEntry.started,LetterEntry.stopped,Practiceletterresponse.text,Practiceletterresponse.started,Practiceletterresponse.stopped,finishresponsepracticeletter.keys,finishresponsepracticeletter.rt,finishresponsepracticeletter.started,finishresponsepracticeletter.stopped,Finishletterbutton.started,Finishletterbutton.stopped,TFinstructionsentence.started,TFinstructionsentence.stopped,key_resp.keys,key_resp.rt,key_resp.started,key_resp.stopped,TFinstruction2.started,TFinstruction2.stopped,key_resp_4.keys,key_resp_4.rt,key_resp_4.started,key_resp_4.stopped,text_2.started,text_2.stopped,key_resp_2.keys,key_resp_2.rt,key_resp_2.started,key_resp_2.stopped,StatementDisplay.started,StatementDisplay.stopped,TFSentence.started,TFSentence.stopped,tfresponse.keys,tfresponse.rt,tfresponse.started,tfresponse.stopped,correctnessFeedback.started,correctnessFeedback.stopped,participant,session,date,expName,psychopyVersion,frameRate,
,,,,,,,,,,,15.148057616024744,None,space,1.1230507979926188,15.148057616024744,None,,,,,,,,,,,,,,,,,,,,,,,,,,,,,,,,,,,,,,,,,,,,,,,,,,,,,,,,,,,,,,,001,2021_Apr_16_2339,Reading Span Exp Try,2021.1.2,60.25813743373734,
,,,,,,,,,,,,,,,,,16.29531871402287,None,space,0.6281418860016856,16.29531871402287,None,,,,,,,,,,,,,,,,,,,,,,,,,,,,,,,,,,,,,,,,,,,,,,,,,,,,,,,,,001,2021_Apr_16_2339,Reading Span Exp Try,2021.1.2,60.25813743373734,
,,,,,,,,,,,,,,,,,,,,,,,16.94805050001014,None,space,0.33538241797941737,16.94805050001014,None,,,,,,,,,,,,,,,,,,,,,,,,,,,,,,,,,,,,,,,,,,,,,,,,,,,001,2021_Apr_16_2339,Reading Span Exp Try,2021.1.2,60.25813743373734,
,,,,,,,,,,,,,,,,,,,,,,,,,,,,,17.346610883018002,None,space,0.9942955239966977,17.346610883018002,None,,,,,,,,,,,,,,,,,,,,,,,,,,,,,,,,,,,,,,,,,,,,,001,2021_Apr_16_2339,Reading Span Exp Try,2021.1.2,60.25813743373734,
T,,,0,0,0,1,,,,,,,,,,,,,,,,,,,,,,,,,,,,,18.37715941100032,None,20.37525401401217,None,,,,,,,,,,,,,,,,,,,,,,,,,,,,,,,,,,,,,,,,,001,2021_Apr_16_2339,Reading Span Exp Try,2021.1.2,60.25813743373734,
K,,,0,1,1,0,,,,,,,,,,,,,,,,,,,,,,,,,,,,,20.86346206901362,None,22.877864310023142,None,,,,,,,,,,,,,,,,,,,,,,,,,,,,,,,,,,,,,,,,,001,2021_Apr_16_2339,Reading Span Exp Try,2021.1.2,60.25813743373734,
,,,,,,,,,,,,,,,,,,,,,,,,,,,,,,,,,,,,,,,23.526385135017335,None,TK,23.526385135017335,None,return,12.364584958006162,23.526385135017335,None,,,,,,,,,,,,,,,,,,,,,,,,,,,,,,,,001,2021_Apr_16_2339,Reading Span Exp Try,2021.1.2,60.25813743373734,
,,,,,,,,,,,,,,,,,,,,,,,,,,,,,,,,,,,,,,,,,,,,,,,,23.526385135017335,None,35.91869370601489,None,space,18.66962443702505,35.91869370601489,None,,,,,,,,,,,,,,,,,,,,,,,,001,2021_Apr_16_2339,Reading Span Exp Try,2021.1.2,60.25813743373734,
,,,,,,,,,,,,,,,,,,,,,,,,,,,,,,,,,,,,,,,,,,,,,,,,,,,,,,,,54.61024840301252,None,space,18.180565449991263,54.61024840301252,None,,,,,,,,,,,,,,,,,,001,2021_Apr_16_2339,Reading Span Exp Try,2021.1.2,60.25813743373734,
,,,,,,,,,,,,,,,,,,,,,,,,,,,,,,,,,,,,,,,,,,,,,,,,,,,,,,,,,,,,,,72.82889079101733,None,space,7.2521185420046095,72.82889079101733,None,,,,,,,,,,,,001,2021_Apr_16_2339,Reading Span Exp Try,2021.1.2,60.25813743373734,
,Paul is afraid of heights and refuses to fly on a plane,t,,,,,0,0,0,11,,,,,,,,,,,,,,,,,,,,,,,,,,,,,,,,,,,,,,,,,,,,,,,,,,,,,,,,,,80.1511427500227,None,83.11825287900865,None,t,7.852433036983712,83.11825287900865,None,91.01607942802366,None,,001,2021_Apr_16_2339,Reading Span Exp Try,2021.1.2,60.25813743373734,
,"No matter how much we talk to him, he is never going to change.",t,,,,,0,1,1,6,,,,,,,,,,,,,,,,,,,,,,,,,,,,,,,,,,,,,,,,,,,,,,,,,,,,,,,,,,93.04985138401389,None,96.01593832901563,None,f,2.852195144019788,96.01593832901563,None,98.92459668402444,None,,001,2021_Apr_16_2339,Reading Span Exp Try,2021.1.2,60.25813743373734,
