﻿Statement,corrAns,trials.thisRepN,trials.thisTrialN,trials.thisN,trials.thisIndex,trials_2.thisRepN,trials_2.thisTrialN,trials_2.thisN,trials_2.thisIndex,textWelcome.started,textWelcome.stopped,keyWelcome.keys,keyWelcome.rt,keyWelcome.started,keyWelcome.stopped,PracticeInstruction.started,PracticeInstruction.stopped,keypractice1.keys,keypractice1.rt,keypractice1.started,keypractice1.stopped,textPractice.started,textPractice.stopped,keypractice2.keys,keypractice2.rt,keypractice2.started,keypractice2.stopped,textPractice3.started,textPractice3.stopped,keypractice3.keys,keypractice3.rt,keypractice3.started,keypractice3.stopped,TFinstructionsentence.started,TFinstructionsentence.stopped,key_resp.keys,key_resp.rt,key_resp.started,key_resp.stopped,StatementDisplay.started,StatementDisplay.stopped,key_resp_2.keys,key_resp_2.rt,key_resp_2.started,key_resp_2.stopped,TFSentence.started,TFSentence.stopped,tfResponse.text,tfResponse.started,tfResponse.stopped,key_resp_4.keys,key_resp_4.rt,key_resp_4.started,key_resp_4.stopped,correctnessFeedback.started,correctnessFeedback.stopped,key_resp_3.keys,key_resp_3.rt,key_resp_3.started,key_resp_3.stopped,participant,session,date,expName,psychopyVersion,frameRate,
,,,,,,,,,,10.618709469010355,None,space,0.24993765400722623,10.618709469010355,None,,,,,,,,,,,,,,,,,,,,,,,,,,,,,,,,,,,,,,,,,,,,,,,001,2021_Apr_16_1952,Reading Span Exp Try,2021.1.2,61.583987455462754,
,,,,,,,,,,,,,,,,10.895137484010775,None,space,0.14652994798962027,10.895137484010775,None,,,,,,,,,,,,,,,,,,,,,,,,,,,,,,,,,,,,,,,,,001,2021_Apr_16_1952,Reading Span Exp Try,2021.1.2,61.583987455462754,
,,,,,,,,,,,,,,,,,,,,,,11.068066381005337,None,space,0.12064213800476864,11.068066381005337,None,,,,,,,,,,,,,,,,,,,,,,,,,,,,,,,,,,,001,2021_Apr_16_1952,Reading Span Exp Try,2021.1.2,61.583987455462754,
,,,,,,,,,,,,,,,,,,,,,,,,,,,,11.210257858008845,None,space,0.3243867189739831,11.210257858008845,None,,,,,,,,,,,,,,,,,,,,,,,,,,,,,001,2021_Apr_16_1952,Reading Span Exp Try,2021.1.2,61.583987455462754,
,,,,,,,,,,,,,,,,,,,,,,,,,,,,,,,,,,11.581123763025971,None,space,0.4215387990116142,11.581123763025971,None,,,,,,,,,,,,,,,,,,,,,,,001,2021_Apr_16_1952,Reading Span Exp Try,2021.1.2,61.583987455462754,
adlkj;a ;ijfw ;aij,t,,,,,0,0,0,2,,,,,,,,,,,,,,,,,,,,,,,,,,,,,,,12.048578532005195,None,space,0.728903849987546,12.048578532005195,None,12.847860180016141,None,t,12.847860180016141,None,space,5.821590498002479,12.847860180016141,None,18.699110937013756,None,space,0.8193389900261536,18.699110937013756,None,,001,2021_Apr_16_1952,Reading Span Exp Try,2021.1.2,61.583987455462754,
The brown fox ,t,,,,,0,1,1,0,,,,,,,,,,,,,,,,,,,,,,,,,,,,,,,19.5518804420135,None,space,0.9105910770012997,19.5518804420135,None,20.497117929015076,None,f,20.497117929015076,None,space,32.82121332900715,20.497117929015076,None,53.345998691016575,None,space,0.49403053300920874,53.345998691016575,None,,001,2021_Apr_16_1952,Reading Span Exp Try,2021.1.2,61.583987455462754,
adsfjiow;fj;ajf ,t,,,,,0,2,2,1,,,,,,,,,,,,,,,,,,,,,,,,,,,,,,,53.87254984001629,None,space,0.3723749950004276,53.87254984001629,None,54.284704195015365,None,Typ e here,54.284704195015365,None,space,1.275283208990004,54.284704195015365,None,55.59090842099977,None,space,0.44698643998708576,55.59090842099977,None,,001,2021_Apr_16_1952,Reading Span Exp Try,2021.1.2,61.583987455462754,
