﻿Statement,CorrAns,trials.thisRepN,trials.thisTrialN,trials.thisN,trials.thisIndex,trials_2.thisRepN,trials_2.thisTrialN,trials_2.thisN,trials_2.thisIndex,textWelcome.started,textWelcome.stopped,keyWelcome.keys,keyWelcome.rt,keyWelcome.started,keyWelcome.stopped,PracticeInstruction.started,PracticeInstruction.stopped,keypractice1.keys,keypractice1.rt,keypractice1.started,keypractice1.stopped,textPractice.started,textPractice.stopped,keypractice2.keys,keypractice2.rt,keypractice2.started,keypractice2.stopped,textPractice3.started,textPractice3.stopped,keypractice3.keys,keypractice3.rt,keypractice3.started,keypractice3.stopped,TFinstructionsentence.started,TFinstructionsentence.stopped,key_resp.keys,key_resp.rt,key_resp.started,key_resp.stopped,StatementDisplay.started,StatementDisplay.stopped,key_resp_2.keys,key_resp_2.rt,key_resp_2.started,key_resp_2.stopped,TFSentence.started,TFSentence.stopped,TFResponse.text,TFResponse.started,TFResponse.stopped,key_resp_3.keys,key_resp_3.rt,key_resp_3.started,key_resp_3.stopped,correctAns,correctnessFeedback.started,correctnessFeedback.stopped,participant,session,date,expName,psychopyVersion,frameRate,
,,,,,,,,,,13.068902266997611,None,space,0.3875160559837241,13.068902266997611,None,,,,,,,,,,,,,,,,,,,,,,,,,,,,,,,,,,,,,,,,,,,,001,2021_Apr_16_1900,Reading Span Exp Try,2021.1.2,59.16591840381078,
,,,,,,,,,,,,,,,,13.485461528005544,None,space,0.15059084701351821,13.485461528005544,None,,,,,,,,,,,,,,,,,,,,,,,,,,,,,,,,,,,,,,001,2021_Apr_16_1900,Reading Span Exp Try,2021.1.2,59.16591840381078,
,,,,,,,,,,,,,,,,,,,,,,13.680461526993895,None,space,0.09079891099827364,13.680461526993895,None,,,,,,,,,,,,,,,,,,,,,,,,,,,,,,,,001,2021_Apr_16_1900,Reading Span Exp Try,2021.1.2,59.16591840381078,
,,,,,,,,,,,,,,,,,,,,,,,,,,,,13.79645812898525,None,space,0.13226159400073811,13.79645812898525,None,,,,,,,,,,,,,,,,,,,,,,,,,,001,2021_Apr_16_1900,Reading Span Exp Try,2021.1.2,59.16591840381078,
,,,,,,,,,,,,,,,,,,,,,,,,,,,,,,,,,,13.973401559982449,None,space,0.2703362040047068,13.973401559982449,None,,,,,,,,,,,,,,,,,,,,001,2021_Apr_16_1900,Reading Span Exp Try,2021.1.2,59.16591840381078,
adlkj;a ;ijfw ;aij,f,,,,,0,0,0,2,,,,,,,,,,,,,,,,,,,,,,,,,,,,,,,14.311699702986516,None,space,0.6969934559892863,14.311699702986516,None,15.05468185400241,None,"f
",15.05468185400241,None,space,10.50643774800119,15.05468185400241,None,Incorrect,25.600884006998967,None,,001,2021_Apr_16_1900,Reading Span Exp Try,2021.1.2,59.16591840381078,
adsfjiow;fj;ajf ,f,,,,,0,1,1,1,,,,,,,,,,,,,,,,,,,,,,,,,,,,,,,26.61328262698953,None,space,0.9729816790204495,26.61328262698953,None,27.630700451991288,None,"f
f",27.630700451991288,None,space,6.120494261995191,27.630700451991288,None,Incorrect,33.78163213399239,None,,001,2021_Apr_16_1900,Reading Span Exp Try,2021.1.2,59.16591840381078,
