﻿WordItem,trials.thisRepN,trials.thisTrialN,trials.thisN,trials.thisIndex,textWelcome.started,textWelcome.stopped,keyWelcome.keys,keyWelcome.rt,keyWelcome.started,keyWelcome.stopped,PracticeInstruction.started,PracticeInstruction.stopped,keypractice1.keys,keypractice1.rt,keypractice1.started,keypractice1.stopped,textPractice.started,textPractice.stopped,keypractice2.keys,keypractice2.rt,keypractice2.started,keypractice2.stopped,textPractice3.started,textPractice3.stopped,keypractice3.keys,keypractice3.rt,keypractice3.started,keypractice3.stopped,PracticeWords.started,PracticeWords.stopped,text.started,text.stopped,LetterEntry.started,LetterEntry.stopped,Practiceletterresponse.text,Practiceletterresponse.started,Practiceletterresponse.stopped,finishresponsepracticeletter.keys,finishresponsepracticeletter.rt,finishresponsepracticeletter.started,finishresponsepracticeletter.stopped,Finishletterbutton.started,Finishletterbutton.stopped,participant,session,date,expName,psychopyVersion,frameRate,
,,,,,11.696219258999918,None,space,1.1096232820127625,11.696219258999918,None,,,,,,,,,,,,,,,,,,,,,,,,,,,,,,,,,,,001,2021_Apr_16_2325,Reading Span Exp Try,2021.1.2,59.914408672073634,
,,,,,,,,,,,12.853915252024308,None,space,0.15441720400121994,12.853915252024308,None,,,,,,,,,,,,,,,,,,,,,,,,,,,,,001,2021_Apr_16_2325,Reading Span Exp Try,2021.1.2,59.914408672073634,
,,,,,,,,,,,,,,,,,13.042438179021701,None,space,0.16847666801186278,13.042438179021701,None,,,,,,,,,,,,,,,,,,,,,,,001,2021_Apr_16_2325,Reading Span Exp Try,2021.1.2,59.914408672073634,
,,,,,,,,,,,,,,,,,,,,,,,13.238434966013301,None,space,0.1749967470241245,13.238434966013301,None,,,,,,,,,,,,,,,,,001,2021_Apr_16_2325,Reading Span Exp Try,2021.1.2,59.914408672073634,
K,0,0,0,0,,,,,,,,,,,,,,,,,,,,,,,,,13.453469435014995,None,15.455645424022805,None,,,,,,,,,,,,,001,2021_Apr_16_2325,Reading Span Exp Try,2021.1.2,59.914408672073634,
T,0,1,1,1,,,,,,,,,,,,,,,,,,,,,,,,,15.95637102200999,None,17.93804767599795,None,,,,,,,,,,,,,001,2021_Apr_16_2325,Reading Span Exp Try,2021.1.2,59.914408672073634,
K,1,0,2,0,,,,,,,,,,,,,,,,,,,,,,,,,18.438292751001427,None,20.438525435019983,None,,,,,,,,,,,,,001,2021_Apr_16_2325,Reading Span Exp Try,2021.1.2,59.914408672073634,
T,1,1,3,1,,,,,,,,,,,,,,,,,,,,,,,,,20.939092584012542,None,22.953928198025096,None,,,,,,,,,,,,,001,2021_Apr_16_2325,Reading Span Exp Try,2021.1.2,59.914408672073634,
,,,,,,,,,,,,,,,,,,,,,,,,,,,,,,,,,23.568532082019374,None,"KT
 ",23.568532082019374,None,space,27.284610239992617,23.568532082019374,None,,,,001,2021_Apr_16_2325,Reading Span Exp Try,2021.1.2,59.914408672073634,
,,,,,,,,,,,,,,,,,,,,,,,,,,,,,,,,,,,,,,,,,,23.568532082019374,None,,,,,,,
