﻿Statement,corrAns,trials.thisRepN,trials.thisTrialN,trials.thisN,trials.thisIndex,trials_2.thisRepN,trials_2.thisTrialN,trials_2.thisN,trials_2.thisIndex,textWelcome.started,textWelcome.stopped,keyWelcome.keys,keyWelcome.rt,keyWelcome.started,keyWelcome.stopped,PracticeInstruction.started,PracticeInstruction.stopped,keypractice1.keys,keypractice1.rt,keypractice1.started,keypractice1.stopped,textPractice.started,textPractice.stopped,keypractice2.keys,keypractice2.rt,keypractice2.started,keypractice2.stopped,textPractice3.started,textPractice3.stopped,keypractice3.keys,keypractice3.rt,keypractice3.started,keypractice3.stopped,TFinstructionsentence.started,TFinstructionsentence.stopped,key_resp.keys,key_resp.rt,key_resp.started,key_resp.stopped,StatementDisplay.started,StatementDisplay.stopped,key_resp_2.keys,key_resp_2.rt,key_resp_2.started,key_resp_2.stopped,TFSentence.started,TFSentence.stopped,tfresponse.keys,tfresponse.rt,tfresponse.started,tfresponse.stopped,correctnessFeedback.started,correctnessFeedback.stopped,key_resp_3.keys,key_resp_3.rt,key_resp_3.started,key_resp_3.stopped,participant,session,date,expName,psychopyVersion,frameRate,
,,,,,,,,,,12.214766282995697,None,space,0.29153718100860715,12.214766282995697,None,,,,,,,,,,,,,,,,,,,,,,,,,,,,,,,,,,,,,,,,,,,,001,2021_Apr_16_2001,Reading Span Exp Try,2021.1.2,59.87225750590208,
,,,,,,,,,,,,,,,,12.54902656498598,None,space,0.17417220398783684,12.54902656498598,None,,,,,,,,,,,,,,,,,,,,,,,,,,,,,,,,,,,,,,001,2021_Apr_16_2001,Reading Span Exp Try,2021.1.2,59.87225750590208,
,,,,,,,,,,,,,,,,,,,,,,12.751035548979416,None,space,0.11723024499951862,12.751035548979416,None,,,,,,,,,,,,,,,,,,,,,,,,,,,,,,,,001,2021_Apr_16_2001,Reading Span Exp Try,2021.1.2,59.87225750590208,
,,,,,,,,,,,,,,,,,,,,,,,,,,,,12.89853603899246,None,space,0.35161103200516663,12.89853603899246,None,,,,,,,,,,,,,,,,,,,,,,,,,,001,2021_Apr_16_2001,Reading Span Exp Try,2021.1.2,59.87225750590208,
,,,,,,,,,,,,,,,,,,,,,,,,,,,,,,,,,,13.316407912003342,None,space,0.5550043380062561,13.316407912003342,None,,,,,,,,,,,,,,,,,,,,001,2021_Apr_16_2001,Reading Span Exp Try,2021.1.2,59.87225750590208,
adsfjiow;fj;ajf ,t,,,,,0,0,0,1,,,,,,,,,,,,,,,,,,,,,,,,,,,,,,,13.93098981899675,None,space,0.6291876270261128,13.93098981899675,None,14.594243194995215,None,t,0.7227664350066334,14.594243194995215,None,15.351530843996443,None,space,2.652654117991915,15.351530843996443,None,,001,2021_Apr_16_2001,Reading Span Exp Try,2021.1.2,59.87225750590208,
adlkj;a ;ijfw ;aij,t,,,,,0,1,1,2,,,,,,,,,,,,,,,,,,,,,,,,,,,,,,,18.050860696006566,None,space,3.7031356540101115,18.050860696006566,None,21.780655423004646,None,t,0.9812940480187535,21.780655423004646,None,22.787871081993217,None,space,0.3721962379931938,22.787871081993217,None,,001,2021_Apr_16_2001,Reading Span Exp Try,2021.1.2,59.87225750590208,
The brown fox ,hi,,,,,0,2,2,0,,,,,,,,,,,,,,,,,,,,,,,,,,,,,,,23.201276792999124,None,space,0.2516796819982119,23.201276792999124,None,23.47910245199455,None,t,3.388940258999355,23.47910245199455,None,26.906275457004085,None,space,0.29069426699425094,26.906275457004085,None,,001,2021_Apr_16_2001,Reading Span Exp Try,2021.1.2,59.87225750590208,
