﻿trials.thisRepN,trials.thisTrialN,trials.thisN,trials.thisIndex,WordItem,textWelcome.started,textWelcome.stopped,keyWelcome.keys,keyWelcome.rt,keyWelcome.started,keyWelcome.stopped,PracticeInstruction.started,PracticeInstruction.stopped,keypractice1.keys,keypractice1.rt,keypractice1.started,keypractice1.stopped,textPractice.started,textPractice.stopped,keypractice2.keys,keypractice2.rt,keypractice2.started,keypractice2.stopped,textPractice3.started,textPractice3.stopped,keypractice3.keys,keypractice3.rt,keypractice3.started,keypractice3.stopped,text.started,text.stopped,participant,session,date,expName,psychopyVersion,frameRate,
,,,,,10.504531120008323,None,space,0.2552105900249444,10.504531120008323,None,,,,,,,,,,,,,,,,,,,,,,001,2021_Apr_01_1909,Reading Span Exp Try,2021.1.2,59.92211610044717,
,,,,,,,,,,,10.79835976700997,None,space,0.2752888539689593,10.79835976700997,None,,,,,,,,,,,,,,,,001,2021_Apr_01_1909,Reading Span Exp Try,2021.1.2,59.92211610044717,
,,,,,,,,,,,,,,,,,11.099337516003288,None,space,0.2054028270067647,11.099337516003288,None,,,,,,,,,,001,2021_Apr_01_1909,Reading Span Exp Try,2021.1.2,59.92211610044717,
,,,,,,,,,,,,,,,,,,,,,,,11.332144217041787,None,space,0.2225779770524241,11.332144217041787,None,,,,001,2021_Apr_01_1909,Reading Span Exp Try,2021.1.2,59.92211610044717,
,,,,,,,,,,,,,,,,,,,,,,,,,,,,,11.600070212036371,None,,,,,,,
