﻿Statement,corrAns,trials.thisRepN,trials.thisTrialN,trials.thisN,trials.thisIndex,trials_2.thisRepN,trials_2.thisTrialN,trials_2.thisN,trials_2.thisIndex,textWelcome.started,textWelcome.stopped,keyWelcome.keys,keyWelcome.rt,keyWelcome.started,keyWelcome.stopped,PracticeInstruction.started,PracticeInstruction.stopped,keypractice1.keys,keypractice1.rt,keypractice1.started,keypractice1.stopped,textPractice.started,textPractice.stopped,keypractice2.keys,keypractice2.rt,keypractice2.started,keypractice2.stopped,textPractice3.started,textPractice3.stopped,keypractice3.keys,keypractice3.rt,keypractice3.started,keypractice3.stopped,TFinstructionsentence.started,TFinstructionsentence.stopped,key_resp.keys,key_resp.rt,key_resp.started,key_resp.stopped,StatementDisplay.started,StatementDisplay.stopped,key_resp_2.keys,key_resp_2.rt,key_resp_2.started,key_resp_2.stopped,TFSentence.started,TFSentence.stopped,tfResponse.text,tfResponse.started,tfResponse.stopped,key_resp_4.keys,key_resp_4.rt,key_resp_4.started,key_resp_4.stopped,correctnessFeedback.started,correctnessFeedback.stopped,key_resp_3.keys,key_resp_3.rt,key_resp_3.started,key_resp_3.stopped,participant,session,date,expName,psychopyVersion,frameRate,
,,,,,,,,,,10.511694956017891,None,space,0.3053241669840645,10.511694956017891,None,,,,,,,,,,,,,,,,,,,,,,,,,,,,,,,,,,,,,,,,,,,,,,,001,2021_Apr_16_1949,Reading Span Exp Try,2021.1.2,60.00991987596824,
,,,,,,,,,,,,,,,,10.847952354000881,None,space,0.14946785700158216,10.847952354000881,None,,,,,,,,,,,,,,,,,,,,,,,,,,,,,,,,,,,,,,,,,001,2021_Apr_16_1949,Reading Span Exp Try,2021.1.2,60.00991987596824,
,,,,,,,,,,,,,,,,,,,,,,11.016380970017053,None,space,0.11565218499163166,11.016380970017053,None,,,,,,,,,,,,,,,,,,,,,,,,,,,,,,,,,,,001,2021_Apr_16_1949,Reading Span Exp Try,2021.1.2,60.00991987596824,
,,,,,,,,,,,,,,,,,,,,,,,,,,,,11.164548936008941,None,space,0.10253185601322912,11.164548936008941,None,,,,,,,,,,,,,,,,,,,,,,,,,,,,,001,2021_Apr_16_1949,Reading Span Exp Try,2021.1.2,60.00991987596824,
,,,,,,,,,,,,,,,,,,,,,,,,,,,,,,,,,,11.310265436011832,None,space,0.11440027598291636,11.310265436011832,None,,,,,,,,,,,,,,,,,,,,,,,001,2021_Apr_16_1949,Reading Span Exp Try,2021.1.2,60.00991987596824,
adlkj;a ;ijfw ;aij,t,,,,,0,0,0,2,,,,,,,,,,,,,,,,,,,,,,,,,,,,,,,11.476062379020732,None,space,0.6010599939909298,11.476062379020732,None,12.111202437023167,None,Type here t,12.111202437023167,None,space,1.63072843500413,12.111202437023167,None,13.777169463020982,None,space,0.7298892270191573,13.777169463020982,None,,001,2021_Apr_16_1949,Reading Span Exp Try,2021.1.2,60.00991987596824,
adsfjiow;fj;ajf ,t,,,,,0,1,1,1,,,,,,,,,,,,,,,,,,,,,,,,,,,,,,,14.535417327017058,None,space,0.5567065709910821,14.535417327017058,None,15.115542189014377,None,t,15.115542189014377,None,space,6.928963791986462,15.115542189014377,None,22.064857589022722,None,space,0.5872181180166081,22.064857589022722,None,,001,2021_Apr_16_1949,Reading Span Exp Try,2021.1.2,60.00991987596824,
The brown fox ,t,,,,,0,2,2,0,,,,,,,,,,,,,,,,,,,,,,,,,,,,,,,22.68473357599578,None,space,0.5522734799887985,22.68473357599578,None,23.26555837399792,None,t,23.26555837399792,None,space,8.768822975980584,23.26555837399792,None,32.06384325399995,None,space,0.4880765969865024,32.06384325399995,None,,001,2021_Apr_16_1949,Reading Span Exp Try,2021.1.2,60.00991987596824,
