﻿WordItem,trials.thisRepN,trials.thisTrialN,trials.thisN,trials.thisIndex,textWelcome.started,textWelcome.stopped,keyWelcome.keys,keyWelcome.rt,keyWelcome.started,keyWelcome.stopped,PracticeInstruction.started,PracticeInstruction.stopped,keypractice1.keys,keypractice1.rt,keypractice1.started,keypractice1.stopped,textPractice.started,textPractice.stopped,keypractice2.keys,keypractice2.rt,keypractice2.started,keypractice2.stopped,textPractice3.started,textPractice3.stopped,keypractice3.keys,keypractice3.rt,keypractice3.started,keypractice3.stopped,text.started,text.stopped,PracticeWords.started,PracticeWords.stopped,participant,session,date,expName,psychopyVersion,frameRate,
,,,,,8.70839943503961,None,space,0.23920768697280437,8.70839943503961,None,,,,,,,,,,,,,,,,,,,,,,,,001,2021_Apr_01_1909,Reading Span Exp Try,2021.1.2,60.036605044126304,
,,,,,,,,,,,8.976714480028022,None,space,0.13877074100309983,8.976714480028022,None,,,,,,,,,,,,,,,,,,001,2021_Apr_01_1909,Reading Span Exp Try,2021.1.2,60.036605044126304,
,,,,,,,,,,,,,,,,,9.138370152038988,None,space,0.18200015503680333,9.138370152038988,None,,,,,,,,,,,,001,2021_Apr_01_1909,Reading Span Exp Try,2021.1.2,60.036605044126304,
,,,,,,,,,,,,,,,,,,,,,,,9.35313835204579,None,space,0.29825119604356587,9.35313835204579,None,,,,,,001,2021_Apr_01_1909,Reading Span Exp Try,2021.1.2,60.036605044126304,
L,0,0,0,11,,,,,,,,,,,,,,,,,,,,,,,,,9.686908381991088,None,10.186408393026795,None,,001,2021_Apr_01_1909,Reading Span Exp Try,2021.1.2,60.036605044126304,
P,0,1,1,1,,,,,,,,,,,,,,,,,,,,,,,,,12.172095790039748,None,12.672794526035432,None,,001,2021_Apr_01_1909,Reading Span Exp Try,2021.1.2,60.036605044126304,
S,0,2,2,7,,,,,,,,,,,,,,,,,,,,,,,,,14.67159491503844,None,15.176704739045817,None,,001,2021_Apr_01_1909,Reading Span Exp Try,2021.1.2,60.036605044126304,
J,0,3,3,3,,,,,,,,,,,,,,,,,,,,,,,,,17.172138989029918,None,17.673861098010093,None,,001,2021_Apr_01_1909,Reading Span Exp Try,2021.1.2,60.036605044126304,
F,0,4,4,0,,,,,,,,,,,,,,,,,,,,,,,,,19.672124467033427,None,20.175081610039342,None,,001,2021_Apr_01_1909,Reading Span Exp Try,2021.1.2,60.036605044126304,
Y,0,5,5,10,,,,,,,,,,,,,,,,,,,,,,,,,22.172406351019163,None,22.673876746033784,None,,001,2021_Apr_01_1909,Reading Span Exp Try,2021.1.2,60.036605044126304,
T,0,6,6,6,,,,,,,,,,,,,,,,,,,,,,,,,24.672184312017635,None,25.175993202021345,None,,001,2021_Apr_01_1909,Reading Span Exp Try,2021.1.2,60.036605044126304,
,,,,,,,,,,,,,,,,,,,,,,,,,,,,,27.17213547602296,None,,,,,,,,,
