﻿Statement,corrAns,trials.thisRepN,trials.thisTrialN,trials.thisN,trials.thisIndex,trials_2.thisRepN,trials_2.thisTrialN,trials_2.thisN,trials_2.thisIndex,textWelcome.started,textWelcome.stopped,keyWelcome.keys,keyWelcome.rt,keyWelcome.started,keyWelcome.stopped,PracticeInstruction.started,PracticeInstruction.stopped,keypractice1.keys,keypractice1.rt,keypractice1.started,keypractice1.stopped,textPractice.started,textPractice.stopped,keypractice2.keys,keypractice2.rt,keypractice2.started,keypractice2.stopped,textPractice3.started,textPractice3.stopped,keypractice3.keys,keypractice3.rt,keypractice3.started,keypractice3.stopped,TFinstructionsentence.started,TFinstructionsentence.stopped,key_resp.keys,key_resp.rt,key_resp.started,key_resp.stopped,TFinstruction2.started,TFinstruction2.stopped,key_resp_4.keys,key_resp_4.rt,key_resp_4.started,key_resp_4.stopped,StatementDisplay.started,StatementDisplay.stopped,TFSentence.started,TFSentence.stopped,tfresponse.keys,tfresponse.rt,tfresponse.started,tfresponse.stopped,correctnessFeedback.started,correctnessFeedback.stopped,participant,session,date,expName,psychopyVersion,frameRate,
,,,,,,,,,,14.41564154799562,None,space,1.6783414630044717,14.41564154799562,None,,,,,,,,,,,,,,,,,,,,,,,,,,,,,,,,,,,,,,,,,,001,2021_Apr_16_2157,Reading Span Exp Try,2021.1.2,59.995171588143336,
,,,,,,,,,,,,,,,,16.1259651480068,None,space,5.25562689700746,16.1259651480068,None,,,,,,,,,,,,,,,,,,,,,,,,,,,,,,,,,,,,001,2021_Apr_16_2157,Reading Span Exp Try,2021.1.2,59.995171588143336,
,,,,,,,,,,,,,,,,,,,,,,21.410800563986413,None,space,0.533165328000905,21.410800563986413,None,,,,,,,,,,,,,,,,,,,,,,,,,,,,,,001,2021_Apr_16_2157,Reading Span Exp Try,2021.1.2,59.995171588143336,
,,,,,,,,,,,,,,,,,,,,,,,,,,,,21.976102905988228,None,space,0.48539685300784186,21.976102905988228,None,,,,,,,,,,,,,,,,,,,,,,,,001,2021_Apr_16_2157,Reading Span Exp Try,2021.1.2,59.995171588143336,
,,,,,,,,,,,,,,,,,,,,,,,,,,,,,,,,,,22.50654739100719,None,space,8.864936539990595,22.50654739100719,None,,,,,,,,,,,,,,,,,,001,2021_Apr_16_2157,Reading Span Exp Try,2021.1.2,59.995171588143336,
,,,,,,,,,,,,,,,,,,,,,,,,,,,,,,,,,,,,,,,,31.392258189996937,None,space,1.3742049929860514,31.392258189996937,None,,,,,,,,,,,,001,2021_Apr_16_2157,Reading Span Exp Try,2021.1.2,59.995171588143336,
adsfjiow;fj;ajf ,t,,,,,0,0,0,1,,,,,,,,,,,,,,,,,,,,,,,,,,,,,,,,,,,,,32.80846516598831,None,35.80630522899446,None,t,4.565168989007361,35.80630522899446,None,40.40156690299045,None,,001,2021_Apr_16_2157,Reading Span Exp Try,2021.1.2,59.995171588143336,
adlkj;a ;ijfw ;aij,t,,,,,0,1,1,2,,,,,,,,,,,,,,,,,,,,,,,,,,,,,,,,,,,,,42.411538590007694,None,45.40713775198674,None,f,5.3367686760029756,45.40713775198674,None,50.774183722998714,None,,001,2021_Apr_16_2157,Reading Span Exp Try,2021.1.2,59.995171588143336,
The brown fox ,t,,,,,0,2,2,0,,,,,,,,,,,,,,,,,,,,,,,,,,,,,,,,,,,,,52.790597102983156,None,55.78842506298679,None,t,1.9528660459909588,55.78842506298679,None,57.7708649589913,None,,001,2021_Apr_16_2157,Reading Span Exp Try,2021.1.2,59.995171588143336,
