﻿Statement,corrAns,trials.thisRepN,trials.thisTrialN,trials.thisN,trials.thisIndex,trials_2.thisRepN,trials_2.thisTrialN,trials_2.thisN,trials_2.thisIndex,textWelcome.started,textWelcome.stopped,keyWelcome.keys,keyWelcome.rt,keyWelcome.started,keyWelcome.stopped,PracticeInstruction.started,PracticeInstruction.stopped,keypractice1.keys,keypractice1.rt,keypractice1.started,keypractice1.stopped,textPractice.started,textPractice.stopped,keypractice2.keys,keypractice2.rt,keypractice2.started,keypractice2.stopped,textPractice3.started,textPractice3.stopped,keypractice3.keys,keypractice3.rt,keypractice3.started,keypractice3.stopped,TFinstructionsentence.started,TFinstructionsentence.stopped,key_resp.keys,key_resp.rt,key_resp.started,key_resp.stopped,StatementDisplay.started,StatementDisplay.stopped,key_resp_2.keys,key_resp_2.rt,key_resp_2.started,key_resp_2.stopped,TFSentence.started,TFSentence.stopped,tfResponse.text,tfResponse.started,tfResponse.stopped,key_resp_4.keys,key_resp_4.rt,key_resp_4.started,key_resp_4.stopped,correctnessFeedback.started,correctnessFeedback.stopped,key_resp_3.keys,key_resp_3.rt,key_resp_3.started,key_resp_3.stopped,participant,session,date,expName,psychopyVersion,frameRate,
,,,,,,,,,,10.06229457698646,None,space,0.30426457698922604,10.06229457698646,None,,,,,,,,,,,,,,,,,,,,,,,,,,,,,,,,,,,,,,,,,,,,,,,001,2021_Apr_16_1954,Reading Span Exp Try,2021.1.2,63.225131803524874,
,,,,,,,,,,,,,,,,10.408454275981057,None,space,0.2209972410055343,10.408454275981057,None,,,,,,,,,,,,,,,,,,,,,,,,,,,,,,,,,,,,,,,,,001,2021_Apr_16_1954,Reading Span Exp Try,2021.1.2,63.225131803524874,
,,,,,,,,,,,,,,,,,,,,,,10.65706914200564,None,space,0.26640371899702586,10.65706914200564,None,,,,,,,,,,,,,,,,,,,,,,,,,,,,,,,,,,,001,2021_Apr_16_1954,Reading Span Exp Try,2021.1.2,63.225131803524874,
,,,,,,,,,,,,,,,,,,,,,,,,,,,,10.955960235005477,None,space,0.29253976297331974,10.955960235005477,None,,,,,,,,,,,,,,,,,,,,,,,,,,,,,001,2021_Apr_16_1954,Reading Span Exp Try,2021.1.2,63.225131803524874,
,,,,,,,,,,,,,,,,,,,,,,,,,,,,,,,,,,11.28584661000059,None,space,0.44761213098536246,11.28584661000059,None,,,,,,,,,,,,,,,,,,,,,,,001,2021_Apr_16_1954,Reading Span Exp Try,2021.1.2,63.225131803524874,
adlkj;a ;ijfw ;aij,t,,,,,0,0,0,2,,,,,,,,,,,,,,,,,,,,,,,,,,,,,,,11.793659368006047,None,space,0.6475617669930216,11.793659368006047,None,12.50438397299149,None,  Type here,12.50438397299149,None,space,1.8838539680000395,12.50438397299149,None,14.433079574984731,None,space,0.4921973960008472,14.433079574984731,None,,001,2021_Apr_16_1954,Reading Span Exp Try,2021.1.2,63.225131803524874,
The brown fox ,hi,,,,,0,1,1,0,,,,,,,,,,,,,,,,,,,,,,,,,,,,,,,14.962253161997069,None,space,1.0300134500139393,14.962253161997069,None,16.022610044979956,None,hi,16.022610044979956,None,space,5.119689819985069,16.022610044979956,None,21.172502851986792,None,space,0.5257699720095843,21.172502851986792,None,,001,2021_Apr_16_1954,Reading Span Exp Try,2021.1.2,63.225131803524874,
