﻿trials.thisRepN,trials.thisTrialN,trials.thisN,trials.thisIndex,trials_2.thisRepN,trials_2.thisTrialN,trials_2.thisN,trials_2.thisIndex,Statement,CorrAns,textWelcome.started,textWelcome.stopped,keyWelcome.keys,keyWelcome.rt,keyWelcome.started,keyWelcome.stopped,PracticeInstruction.started,PracticeInstruction.stopped,keypractice1.keys,keypractice1.rt,keypractice1.started,keypractice1.stopped,textPractice.started,textPractice.stopped,keypractice2.keys,keypractice2.rt,keypractice2.started,keypractice2.stopped,textPractice3.started,textPractice3.stopped,keypractice3.keys,keypractice3.rt,keypractice3.started,keypractice3.stopped,TFinstructionsentence.started,TFinstructionsentence.stopped,key_resp.keys,key_resp.rt,key_resp.started,key_resp.stopped,StatementDisplay.started,StatementDisplay.stopped,key_resp_2.keys,key_resp_2.rt,key_resp_2.started,key_resp_2.stopped,TFSentence.started,TFSentence.stopped,tfResponse.text,tfResponse.started,tfResponse.stopped,key_resp_4.keys,key_resp_4.rt,key_resp_4.started,key_resp_4.stopped,participant,session,date,expName,psychopyVersion,frameRate,
,,,,,,,,,,10.26578172997688,None,space,1.3058412989776116,10.26578172997688,None,,,,,,,,,,,,,,,,,,,,,,,,,,,,,,,,,,,,,,,,,001,2021_Apr_16_1945,Reading Span Exp Try,2021.1.2,59.98296519697547,
,,,,,,,,,,,,,,,,11.599233981978614,None,space,0.5573120719927829,11.599233981978614,None,,,,,,,,,,,,,,,,,,,,,,,,,,,,,,,,,,,001,2021_Apr_16_1945,Reading Span Exp Try,2021.1.2,59.98296519697547,
,,,,,,,,,,,,,,,,,,,,,,12.183922178985085,None,space,0.5352215599850751,12.183922178985085,None,,,,,,,,,,,,,,,,,,,,,,,,,,,,,001,2021_Apr_16_1945,Reading Span Exp Try,2021.1.2,59.98296519697547,
,,,,,,,,,,,,,,,,,,,,,,,,,,,,12.747066227981122,None,space,0.35449008899740875,12.747066227981122,None,,,,,,,,,,,,,,,,,,,,,,,001,2021_Apr_16_1945,Reading Span Exp Try,2021.1.2,59.98296519697547,
,,,,,,,,,,,,,,,,,,,,,,,,,,,,,,,,,,13.142413530993508,None,space,0.45410794400959276,13.142413530993508,None,,,,,,,,,,,,,,,,,001,2021_Apr_16_1945,Reading Span Exp Try,2021.1.2,59.98296519697547,
,,,,,,,,,,,,,,,,,,,,,,,,,,,,,,,,,,,,,,,,13.645626515994081,None,space,1.1435263720049988,13.645626515994081,None,14.82697665898013,None,t ,14.82697665898013,None,space,7.0719273230060935,14.82697665898013,None,,,,,,,
