﻿trials.thisRepN,trials.thisTrialN,trials.thisN,trials.thisIndex,trials_2.thisRepN,trials_2.thisTrialN,trials_2.thisN,trials_2.thisIndex,Statement,CorrAns,textWelcome.started,textWelcome.stopped,keyWelcome.keys,keyWelcome.rt,keyWelcome.started,keyWelcome.stopped,PracticeInstruction.started,PracticeInstruction.stopped,keypractice1.keys,keypractice1.rt,keypractice1.started,keypractice1.stopped,textPractice.started,textPractice.stopped,keypractice2.keys,keypractice2.rt,keypractice2.started,keypractice2.stopped,textPractice3.started,textPractice3.stopped,keypractice3.keys,keypractice3.rt,keypractice3.started,keypractice3.stopped,TFinstructionsentence.started,TFinstructionsentence.stopped,key_resp.keys,key_resp.rt,key_resp.started,key_resp.stopped,StatementDisplay.started,StatementDisplay.stopped,key_resp_2.keys,key_resp_2.rt,key_resp_2.started,key_resp_2.stopped,participant,session,date,expName,psychopyVersion,frameRate,
,,,,,,,,,,12.931871310982388,None,space,0.3733569699979853,12.931871310982388,None,,,,,,,,,,,,,,,,,,,,,,,,,,,,,,,,001,2021_Apr_16_1857,Reading Span Exp Try,2021.1.2,58.51638996326444,
,,,,,,,,,,,,,,,,13.348119045986095,None,space,0.11457469800370745,13.348119045986095,None,,,,,,,,,,,,,,,,,,,,,,,,,,001,2021_Apr_16_1857,Reading Span Exp Try,2021.1.2,58.51638996326444,
,,,,,,,,,,,,,,,,,,,,,,13.49686666499474,None,space,0.10115005599800497,13.49686666499474,None,,,,,,,,,,,,,,,,,,,,001,2021_Apr_16_1857,Reading Span Exp Try,2021.1.2,58.51638996326444,
,,,,,,,,,,,,,,,,,,,,,,,,,,,,13.637561577983433,None,space,0.32051766201038845,13.637561577983433,None,,,,,,,,,,,,,,001,2021_Apr_16_1857,Reading Span Exp Try,2021.1.2,58.51638996326444,
,,,,,,,,,,,,,,,,,,,,,,,,,,,,,,,,,,14.00456299399957,None,space,0.31348752399208024,14.00456299399957,None,,,,,,,,001,2021_Apr_16_1857,Reading Span Exp Try,2021.1.2,58.51638996326444,
,,,,,,,,,,,,,,,,,,,,,,,,,,,,,,,,,,,,,,,,14.37653001799481,None,space,1.0436737429990899,14.37653001799481,None,,,,,,,
