﻿trials.thisRepN,trials.thisTrialN,trials.thisN,trials.thisIndex,trials_2.thisRepN,trials_2.thisTrialN,trials_2.thisN,trials_2.thisIndex,Statement,CorrAns,textWelcome.started,textWelcome.stopped,keyWelcome.keys,keyWelcome.rt,keyWelcome.started,keyWelcome.stopped,PracticeInstruction.started,PracticeInstruction.stopped,keypractice1.keys,keypractice1.rt,keypractice1.started,keypractice1.stopped,textPractice.started,textPractice.stopped,keypractice2.keys,keypractice2.rt,keypractice2.started,keypractice2.stopped,textPractice3.started,textPractice3.stopped,keypractice3.keys,keypractice3.rt,keypractice3.started,keypractice3.stopped,TFinstructionsentence.started,TFinstructionsentence.stopped,key_resp.keys,key_resp.rt,key_resp.started,key_resp.stopped,StatementDisplay.started,StatementDisplay.stopped,key_resp_2.keys,key_resp_2.rt,key_resp_2.started,key_resp_2.stopped,TFSentence.started,TFSentence.stopped,tfResponse.text,participant,session,date,expName,psychopyVersion,frameRate,
,,,,,,,,,,15.14113652499509,None,space,0.6382248669979163,15.14113652499509,None,,,,,,,,,,,,,,,,,,,,,,,,,,,,,,,,,,,001,2021_Apr_16_1923,Reading Span Exp Try,2021.1.2,60.125236536730206,
,,,,,,,,,,,,,,,,15.80630793599994,None,space,0.1304298939940054,15.80630793599994,None,,,,,,,,,,,,,,,,,,,,,,,,,,,,,001,2021_Apr_16_1923,Reading Span Exp Try,2021.1.2,60.125236536730206,
,,,,,,,,,,,,,,,,,,,,,,15.95767436400638,None,space,0.15908558800583705,15.95767436400638,None,,,,,,,,,,,,,,,,,,,,,,,001,2021_Apr_16_1923,Reading Span Exp Try,2021.1.2,60.125236536730206,
,,,,,,,,,,,,,,,,,,,,,,,,,,,,16.13894064401393,None,space,0.47284947798470967,16.13894064401393,None,,,,,,,,,,,,,,,,,001,2021_Apr_16_1923,Reading Span Exp Try,2021.1.2,60.125236536730206,
,,,,,,,,,,,,,,,,,,,,,,,,,,,,,,,,,,16.651021825993666,None,space,0.7482503700011875,16.651021825993666,None,,,,,,,,,,,001,2021_Apr_16_1923,Reading Span Exp Try,2021.1.2,60.125236536730206,
,,,,,,,,,,,,,,,,,,,,,,,,,,,,,,,,,,,,,,,,17.442937681014882,None,space,0.5864122019847855,17.442937681014882,None,18.065779510012362,None, t,,,,,,,
