﻿trials.thisRepN,trials.thisTrialN,trials.thisN,trials.thisIndex,trials_2.thisRepN,trials_2.thisTrialN,trials_2.thisN,trials_2.thisIndex,Statement,CorrAns,textWelcome.started,textWelcome.stopped,keyWelcome.keys,keyWelcome.rt,keyWelcome.started,keyWelcome.stopped,PracticeInstruction.started,PracticeInstruction.stopped,keypractice1.keys,keypractice1.rt,keypractice1.started,keypractice1.stopped,textPractice.started,textPractice.stopped,keypractice2.keys,keypractice2.rt,keypractice2.started,keypractice2.stopped,textPractice3.started,textPractice3.stopped,keypractice3.keys,keypractice3.rt,keypractice3.started,keypractice3.stopped,TFinstructionsentence.started,TFinstructionsentence.stopped,key_resp.keys,key_resp.rt,key_resp.started,key_resp.stopped,StatementDisplay.started,StatementDisplay.stopped,key_resp_2.keys,key_resp_2.rt,key_resp_2.started,key_resp_2.stopped,participant,session,date,expName,psychopyVersion,frameRate,
,,,,,,,,,,13.075141794979572,None,space,0.6762734999938402,13.075141794979572,None,,,,,,,,,,,,,,,,,,,,,,,,,,,,,,,,001,2021_Apr_16_1857,Reading Span Exp Try,2021.1.2,60.85827314512185,
,,,,,,,,,,,,,,,,13.787562947982224,None,space,0.1887611599813681,13.787562947982224,None,,,,,,,,,,,,,,,,,,,,,,,,,,001,2021_Apr_16_1857,Reading Span Exp Try,2021.1.2,60.85827314512185,
,,,,,,,,,,,,,,,,,,,,,,14.017169636004837,None,space,0.11674041498918086,14.017169636004837,None,,,,,,,,,,,,,,,,,,,,001,2021_Apr_16_1857,Reading Span Exp Try,2021.1.2,60.85827314512185,
,,,,,,,,,,,,,,,,,,,,,,,,,,,,14.163187953992747,None,space,0.10571114299818873,14.163187953992747,None,,,,,,,,,,,,,,001,2021_Apr_16_1857,Reading Span Exp Try,2021.1.2,60.85827314512185,
,,,,,,,,,,,,,,,,,,,,,,,,,,,,,,,,,,14.317758005985525,None,space,0.3337038419849705,14.317758005985525,None,,,,,,,,001,2021_Apr_16_1857,Reading Span Exp Try,2021.1.2,60.85827314512185,
,,,,,,,,,,,,,,,,,,,,,,,,,,,,,,,,,,,,,,,,14.715696330997162,None,space,0.9483645370055456,14.715696330997162,None,,,,,,,
