﻿trials.thisRepN,trials.thisTrialN,trials.thisN,trials.thisIndex,trials_2.thisRepN,trials_2.thisTrialN,trials_2.thisN,trials_2.thisIndex,Statement,CorrAns,textWelcome.started,textWelcome.stopped,keyWelcome.keys,keyWelcome.rt,keyWelcome.started,keyWelcome.stopped,PracticeInstruction.started,PracticeInstruction.stopped,keypractice1.keys,keypractice1.rt,keypractice1.started,keypractice1.stopped,textPractice.started,textPractice.stopped,keypractice2.keys,keypractice2.rt,keypractice2.started,keypractice2.stopped,textPractice3.started,textPractice3.stopped,keypractice3.keys,keypractice3.rt,keypractice3.started,keypractice3.stopped,TFinstructionsentence.started,TFinstructionsentence.stopped,key_resp.keys,key_resp.rt,key_resp.started,key_resp.stopped,StatementDisplay.started,StatementDisplay.stopped,key_resp_2.keys,key_resp_2.rt,key_resp_2.started,key_resp_2.stopped,TFSentence.started,TFSentence.stopped,TFResponse.text,participant,session,date,expName,psychopyVersion,frameRate,
,,,,,,,,,,10.473305869993055,None,space,0.9628451059979852,10.473305869993055,None,,,,,,,,,,,,,,,,,,,,,,,,,,,,,,,,,,,001,2021_Apr_16_1915,Reading Span Exp Try,2021.1.2,60.12201968441234,
,,,,,,,,,,,,,,,,11.452506834990345,None,space,0.11866539201582782,11.452506834990345,None,,,,,,,,,,,,,,,,,,,,,,,,,,,,,001,2021_Apr_16_1915,Reading Span Exp Try,2021.1.2,60.12201968441234,
,,,,,,,,,,,,,,,,,,,,,,11.604276355996262,None,space,0.10186257801251486,11.604276355996262,None,,,,,,,,,,,,,,,,,,,,,,,001,2021_Apr_16_1915,Reading Span Exp Try,2021.1.2,60.12201968441234,
,,,,,,,,,,,,,,,,,,,,,,,,,,,,11.734798563004006,None,space,0.2638401949952822,11.734798563004006,None,,,,,,,,,,,,,,,,,001,2021_Apr_16_1915,Reading Span Exp Try,2021.1.2,60.12201968441234,
,,,,,,,,,,,,,,,,,,,,,,,,,,,,,,,,,,12.034670599008678,None,space,0.2565539399802219,12.034670599008678,None,,,,,,,,,,,001,2021_Apr_16_1915,Reading Span Exp Try,2021.1.2,60.12201968441234,
,,,,,,,,,,,,,,,,,,,,,,,,,,,,,,,,,,,,,,,,12.339392432011664,None,space,0.6716984769736882,12.339392432011664,None,13.048012996005127,None, t,,,,,,,
