﻿trials.thisRepN,trials.thisTrialN,trials.thisN,trials.thisIndex,WordItem,textWelcome.started,textWelcome.stopped,keyWelcome.keys,keyWelcome.rt,keyWelcome.started,keyWelcome.stopped,PracticeInstruction.started,PracticeInstruction.stopped,keypractice1.keys,keypractice1.rt,keypractice1.started,keypractice1.stopped,textPractice.started,textPractice.stopped,keypractice2.keys,keypractice2.rt,keypractice2.started,keypractice2.stopped,textPractice3.started,textPractice3.stopped,keypractice3.keys,keypractice3.rt,keypractice3.started,keypractice3.stopped,participant,session,date,expName,psychopyVersion,frameRate,
,,,,,18.697658463963307,None,space,1.193961615965236,18.697658463963307,None,,,,,,,,,,,,,,,,,,,,001,2021_Apr_01_1859,Reading Span Exp Try,2021.1.2,60.08658440615855,
,,,,,,,,,,,19.937326340994332,None,space,0.39003256300929934,19.937326340994332,None,,,,,,,,,,,,,,001,2021_Apr_01_1859,Reading Span Exp Try,2021.1.2,60.08658440615855,
,,,,,,,,,,,,,,,,,20.370713814976625,None,space,0.2363877320312895,20.370713814976625,None,,,,,,,,001,2021_Apr_01_1859,Reading Span Exp Try,2021.1.2,60.08658440615855,
,,,,,,,,,,,,,,,,,,,,,,,20.640058888006024,None,space,0.38710033404640853,20.640058888006024,None,,001,2021_Apr_01_1859,Reading Span Exp Try,2021.1.2,60.08658440615855,
