﻿Statement,corrAns,trials.thisRepN,trials.thisTrialN,trials.thisN,trials.thisIndex,trials_2.thisRepN,trials_2.thisTrialN,trials_2.thisN,trials_2.thisIndex,textWelcome.started,textWelcome.stopped,keyWelcome.keys,keyWelcome.rt,keyWelcome.started,keyWelcome.stopped,PracticeInstruction.started,PracticeInstruction.stopped,keypractice1.keys,keypractice1.rt,keypractice1.started,keypractice1.stopped,textPractice.started,textPractice.stopped,keypractice2.keys,keypractice2.rt,keypractice2.started,keypractice2.stopped,textPractice3.started,textPractice3.stopped,keypractice3.keys,keypractice3.rt,keypractice3.started,keypractice3.stopped,TFinstructionsentence.started,TFinstructionsentence.stopped,key_resp.keys,key_resp.rt,key_resp.started,key_resp.stopped,TFinstruction2.started,TFinstruction2.stopped,key_resp_4.keys,key_resp_4.rt,key_resp_4.started,key_resp_4.stopped,StatementDisplay.started,StatementDisplay.stopped,TFSentence.started,TFSentence.stopped,tfresponse.keys,tfresponse.rt,tfresponse.started,tfresponse.stopped,correctnessFeedback.started,correctnessFeedback.stopped,participant,session,date,expName,psychopyVersion,frameRate,
,,,,,,,,,,11.183651547995396,None,space,3.758121491991915,11.183651547995396,None,,,,,,,,,,,,,,,,,,,,,,,,,,,,,,,,,,,,,,,,,,001,2021_Apr_16_2159,Reading Span Exp Try,2021.1.2,59.2481746708448,
,,,,,,,,,,,,,,,,14.965975939994678,None,space,1.3257644569966942,14.965975939994678,None,,,,,,,,,,,,,,,,,,,,,,,,,,,,,,,,,,,,001,2021_Apr_16_2159,Reading Span Exp Try,2021.1.2,59.2481746708448,
,,,,,,,,,,,,,,,,,,,,,,16.31626527098706,None,space,2.3154250509978738,16.31626527098706,None,,,,,,,,,,,,,,,,,,,,,,,,,,,,,,001,2021_Apr_16_2159,Reading Span Exp Try,2021.1.2,59.2481746708448,
,,,,,,,,,,,,,,,,,,,,,,,,,,,,18.66447586999857,None,space,9.214776001987047,18.66447586999857,None,,,,,,,,,,,,,,,,,,,,,,,,001,2021_Apr_16_2159,Reading Span Exp Try,2021.1.2,59.2481746708448,
,,,,,,,,,,,,,,,,,,,,,,,,,,,,,,,,,,27.916159515007166,None,space,6.578090666997014,27.916159515007166,None,,,,,,,,,,,,,,,,,,001,2021_Apr_16_2159,Reading Span Exp Try,2021.1.2,59.2481746708448,
,,,,,,,,,,,,,,,,,,,,,,,,,,,,,,,,,,,,,,,,34.51367147298879,None,space,5.3580027210118715,34.51367147298879,None,,,,,,,,,,,,001,2021_Apr_16_2159,Reading Span Exp Try,2021.1.2,59.2481746708448,
The brown fox ,t,,,,,0,0,0,0,,,,,,,,,,,,,,,,,,,,,,,,,,,,,,,,,,,,,39.91588834300637,None,42.912814551003976,None,t,23.171257690992206,42.912814551003976,None,66.11351758701494,None,,001,2021_Apr_16_2159,Reading Span Exp Try,2021.1.2,59.2481746708448,
adsfjiow;fj;ajf ,t,,,,,0,1,1,1,,,,,,,,,,,,,,,,,,,,,,,,,,,,,,,,,,,,,68.14130244299304,None,71.12572444599937,None,t,1.2582194450078532,71.12572444599937,None,72.41682588800904,None,,001,2021_Apr_16_2159,Reading Span Exp Try,2021.1.2,59.2481746708448,
adlkj;a ;ijfw ;aij,t,,,,,0,2,2,2,,,,,,,,,,,,,,,,,,,,,,,,,,,,,,,,,,,,,74.42884027800756,None,77.425535123999,None,f,1.0334124229848385,77.425535123999,None,78.49724137500743,None,,001,2021_Apr_16_2159,Reading Span Exp Try,2021.1.2,59.2481746708448,
