﻿trials.thisRepN,trials.thisTrialN,trials.thisN,trials.thisIndex,textWelcome.started,textWelcome.stopped,keyWelcome.keys,keyWelcome.rt,keyWelcome.started,keyWelcome.stopped,PracticeInstruction.started,PracticeInstruction.stopped,keypractice1.keys,keypractice1.rt,keypractice1.started,keypractice1.stopped,textPractice.started,textPractice.stopped,keypractice2.keys,keypractice2.rt,keypractice2.started,keypractice2.stopped,textPractice3.started,textPractice3.stopped,keypractice3.keys,keypractice3.rt,keypractice3.started,keypractice3.stopped,PracticeWords.started,PracticeWords.stopped,text.started,text.stopped,participant,session,date,expName,psychopyVersion,frameRate,
,,,,13.249499418016057,None,space,0.5596158319967799,13.249499418016057,None,,,,,,,,,,,,,,,,,,,,,,,,001,2021_Mar_29_2304,Reading Span Exp Try,2021.1.2,60.09444526475716,
,,,,,,,,,,13.831177854008274,None,space,1.732989455020288,13.831177854008274,None,,,,,,,,,,,,,,,,,,001,2021_Mar_29_2304,Reading Span Exp Try,2021.1.2,60.09444526475716,
,,,,,,,,,,,,,,,,15.608965823019389,None,space,0.6977165460120887,15.608965823019389,None,,,,,,,,,,,,001,2021_Mar_29_2304,Reading Span Exp Try,2021.1.2,60.09444526475716,
,,,,,,,,,,,,,,,,,,,,,,16.328956448007375,None,space,0.36007881301338784,16.328956448007375,None,,,,,,001,2021_Mar_29_2304,Reading Span Exp Try,2021.1.2,60.09444526475716,
0,0,0,0,,,,,,,,,,,,,,,,,,,,,,,,,16.725817752012517,None,18.725607474014396,None,,001,2021_Mar_29_2304,Reading Span Exp Try,2021.1.2,60.09444526475716,
1,0,1,0,,,,,,,,,,,,,,,,,,,,,,,,,19.22567240500939,None,21.226468742010184,None,,001,2021_Mar_29_2304,Reading Span Exp Try,2021.1.2,60.09444526475716,
2,0,2,0,,,,,,,,,,,,,,,,,,,,,,,,,21.725172371021472,None,23.725404318014625,None,,001,2021_Mar_29_2304,Reading Span Exp Try,2021.1.2,60.09444526475716,
3,0,3,0,,,,,,,,,,,,,,,,,,,,,,,,,24.225586059008492,None,26.2251659000176,None,,001,2021_Mar_29_2304,Reading Span Exp Try,2021.1.2,60.09444526475716,
4,0,4,0,,,,,,,,,,,,,,,,,,,,,,,,,26.725455035018967,None,28.72633121701074,None,,001,2021_Mar_29_2304,Reading Span Exp Try,2021.1.2,60.09444526475716,
