﻿Statement,corrAns,trials.thisRepN,trials.thisTrialN,trials.thisN,trials.thisIndex,trials_2.thisRepN,trials_2.thisTrialN,trials_2.thisN,trials_2.thisIndex,textWelcome.started,textWelcome.stopped,keyWelcome.keys,keyWelcome.rt,keyWelcome.started,keyWelcome.stopped,PracticeInstruction.started,PracticeInstruction.stopped,keypractice1.keys,keypractice1.rt,keypractice1.started,keypractice1.stopped,textPractice.started,textPractice.stopped,keypractice2.keys,keypractice2.rt,keypractice2.started,keypractice2.stopped,textPractice3.started,textPractice3.stopped,keypractice3.keys,keypractice3.rt,keypractice3.started,keypractice3.stopped,TFinstructionsentence.started,TFinstructionsentence.stopped,key_resp.keys,key_resp.rt,key_resp.started,key_resp.stopped,TFinstruction2.started,TFinstruction2.stopped,key_resp_4.keys,key_resp_4.rt,key_resp_4.started,key_resp_4.stopped,text_2.started,text_2.stopped,key_resp_2.keys,key_resp_2.rt,key_resp_2.started,key_resp_2.stopped,StatementDisplay.started,StatementDisplay.stopped,TFSentence.started,TFSentence.stopped,tfresponse.keys,tfresponse.rt,tfresponse.started,tfresponse.stopped,correctnessFeedback.started,correctnessFeedback.stopped,participant,session,date,expName,psychopyVersion,frameRate,
,,,,,,,,,,13.320826121984283,None,space,1.0487151280103717,13.320826121984283,None,,,,,,,,,,,,,,,,,,,,,,,,,,,,,,,,,,,,,,,,,,,,,,,,001,2021_Apr_16_2234,Reading Span Exp Try,2021.1.2,59.58768610271799,
,,,,,,,,,,,,,,,,14.397895746980794,None,space,0.376633239997318,14.397895746980794,None,,,,,,,,,,,,,,,,,,,,,,,,,,,,,,,,,,,,,,,,,,001,2021_Apr_16_2234,Reading Span Exp Try,2021.1.2,59.58768610271799,
,,,,,,,,,,,,,,,,,,,,,,14.800906542979646,None,space,0.28855911298887804,14.800906542979646,None,,,,,,,,,,,,,,,,,,,,,,,,,,,,,,,,,,,,001,2021_Apr_16_2234,Reading Span Exp Try,2021.1.2,59.58768610271799,
,,,,,,,,,,,,,,,,,,,,,,,,,,,,15.115014163980959,None,space,0.3121155849948991,15.115014163980959,None,,,,,,,,,,,,,,,,,,,,,,,,,,,,,,001,2021_Apr_16_2234,Reading Span Exp Try,2021.1.2,59.58768610271799,
,,,,,,,,,,,,,,,,,,,,,,,,,,,,,,,,,,15.463690792996204,None,space,0.5483005589921959,15.463690792996204,None,,,,,,,,,,,,,,,,,,,,,,,,001,2021_Apr_16_2234,Reading Span Exp Try,2021.1.2,59.58768610271799,
,,,,,,,,,,,,,,,,,,,,,,,,,,,,,,,,,,,,,,,,16.03179711199482,None,space,0.3402177829993889,16.03179711199482,None,,,,,,,,,,,,,,,,,,001,2021_Apr_16_2234,Reading Span Exp Try,2021.1.2,59.58768610271799,
,,,,,,,,,,,,,,,,,,,,,,,,,,,,,,,,,,,,,,,,,,,,,,16.397527887980687,None,space,1.0994273379910737,16.397527887980687,None,,,,,,,,,,,,001,2021_Apr_16_2234,Reading Span Exp Try,2021.1.2,59.58768610271799,
"Andy was stopped by the policeman because he crossed the yellow heaven.     When you have read the sentence, press "spacebar" to continue. ",f,,,,,0,0,0,0,,,,,,,,,,,,,,,,,,,,,,,,,,,,,,,,,,,,,,,,,,,17.556214698997792,None,20.53071736198035,None,t,4.436376132012811,20.53071736198035,None,25.00027813500492,None,,001,2021_Apr_16_2234,Reading Span Exp Try,2021.1.2,59.58768610271799,
"After final exams are over, we'll be able to take a well-deserved rest. ",t,,,,,0,1,1,4,,,,,,,,,,,,,,,,,,,,,,,,,,,,,,,,,,,,,,,,,,,27.02997514299932,None,30.012264160002815,None,t,2.1096418160013855,30.012264160002815,None,32.15561526399688,None,,001,2021_Apr_16_2234,Reading Span Exp Try,2021.1.2,59.58768610271799,
,,,,,,,,,,,,,,,,,,,,,,,,,,,,,,,,,,,,,,,,,,,,,,,,,,,,34.16955991499708,None,,,,,,,,,,,,,,,
